"tau2","model","heuristic","optDelta","minPsi","MIV","MISB","pc"
0,"Linear (1 factor)","Split",0.000169980392159938,0.333390019958941,0.333390019958941,0,0
0.004,"Linear (1 factor)","Split",0.0478905307273947,0.376530455015074,0.351624942988085,0.024905512026989,0.0447213595499958
0.008,"Linear (1 factor)","Split",0.0645241611623915,0.398293675688223,0.359222720609805,0.0390709550784179,0.0632455532033676
0.012,"Linear (1 factor)","Split",0.0763172247578367,0.416516039924157,0.365060866866984,0.051455173057173,0.0774596669241483
0.016,"Linear (1 factor)","Split",0.0857053821671796,0.432903057078057,0.369996140705183,0.0629069163728739,0.0894427190999916
0.02,"Linear (1 factor)","Split",0.0935628575985666,0.448116963085869,0.374333480135639,0.0737834829502298,0.0707106781186548
0.024,"Linear (1 factor)","Split",0.100382555847102,0.462498235320163,0.378257286239704,0.0842409490804593,0.0774596669241483
0.028,"Linear (1 factor)","Split",0.106428570174683,0.476249669355149,0.381864184130909,0.0943854852242405,0.0591607978309962
0.032,"Linear (1 factor)","Split",0.11183482336633,0.48950375901901,0.38519457275466,0.10430918626435,0.0632455532033676
0.036,"Linear (1 factor)","Split",0.1167637850397,0.502352810329763,0.388319699441773,0.11403311088799,0.134164078649987
0.04,"Linear (1 factor)","Split",0.121292848789214,0.514864234097928,0.391267590750793,0.123596643347135,0.14142135623731
0.044,"Linear (1 factor)","Split",0.125434255970469,0.527089076085854,0.394028386186483,0.133060689899371,0.148323969741913
0.048,"Linear (1 factor)","Split",0.129304214551035,0.53906712692813,0.396665507453685,0.142401619474445,0.154919333848297
0.052,"Linear (1 factor)","Split",0.132916643491662,0.550830126537635,0.399177833330544,0.151652293207091,0.161245154965971
0.056,"Linear (1 factor)","Split",0.136342653675603,0.562403890782973,0.401606342979102,0.160797547803871,0.118321595661992
0.06,"Linear (1 factor)","Split",0.139487330716903,0.573809758388769,0.403875167296479,0.16993459109229,0.122474487139159
0.064,"Linear (1 factor)","Split",0.142522497243234,0.585065614467222,0.406101430334885,0.178964184132337,0.0894427190999916
0.068,"Linear (1 factor)","Split",0.145352171805232,0.596186620767963,0.408209511820572,0.187977108947392,0.0921954445729289
0.072,"Linear (1 factor)","Split",0.148032177802637,0.607185769614753,0.410235283043235,0.196950486571518,0.189736659610103
0.076,"Linear (1 factor)","Split",0.150583609975458,0.618074289793775,0.412190441834228,0.205883847959546,0.194935886896179
0.08,"Linear (1 factor)","Split",0.152980835123046,0.628861957218126,0.414051196241553,0.214810760976573,0.2
0.084,"Linear (1 factor)","Split",0.155300854663862,0.639557351486087,0.415874063809562,0.223683287676524,0.204939015319192
0.088,"Linear (1 factor)","Split",0.157510949754207,0.650168043107286,0.417630819567639,0.232537223539647,0.20976176963403
0.092,"Linear (1 factor)","Split",0.159577742943536,0.660700735677339,0.419291623211374,0.241409112465964,0.151657508881031
0.096,"Linear (1 factor)","Split",0.161588233488629,0.671161422698022,0.420923890454946,0.250237532243076,0.154919333848297
0.1,"Linear (1 factor)","Split",0.163504650611351,0.681555460126,0.42249516144722,0.259060298678779,0.111803398874989
0.104,"Linear (1 factor)","Split",0.165340293603133,0.691887662946903,0.424014312782857,0.267873350164046,0.114017542509914
0.108,"Linear (1 factor)","Split",0.167100278446259,0.702162374763392,0.42548383514101,0.276678539622382,0.232379000772445
0.112,"Linear (1 factor)","Split",0.168789284300031,0.712383526128973,0.426906061274832,0.285477464854141,0.236643191323985
0.116,"Linear (1 factor)","Split",0.170409149959873,0.72255468446742,0.428281090449567,0.294273594017853,0.240831891575846
0.12,"Linear (1 factor)","Split",0.171959596357315,0.732679097367274,0.429607306707912,0.303071790659362,0.244948974278318
0.124,"Linear (1 factor)","Split",0.173457002649713,0.742759725103849,0.430897546226973,0.311862178876876,0.248997991959775
0.128,"Linear (1 factor)","Split",0.174913767457363,0.752799274253124,0.432161622835702,0.320637651417422,0.178885438199983
0.132,"Linear (1 factor)","Split",0.176316129394981,0.762800232704462,0.433386740008012,0.32941349269645,0.18165902124585
0.136,"Linear (1 factor)","Split",0.177667071148607,0.772764879403886,0.434574581845323,0.338190297558562,0.130384048104053
0.14,"Linear (1 factor)","Split",0.178928679806091,0.782695309028361,0.435690644833254,0.347004664195107,0.13228756555323
0.144,"Linear (1 factor)","Split",0.180184933215014,0.792593455504073,0.436808458933719,0.355784996570354,0.268328157299975
0.148,"Linear (1 factor)","Split",0.181397557552075,0.802461107329583,0.43789358493312,0.364567522396463,0.272029410174709
0.152,"Linear (1 factor)","Split",0.182568811407643,0.812299916075419,0.43894740115152,0.373352514923899,0.275680975041804
0.156,"Linear (1 factor)","Split",0.183700805083601,0.822111411908945,0.439971217147683,0.382140194761261,0.279284800875379
0.16,"Linear (1 factor)","Split",0.184795511704188,0.831897014662227,0.440966276877034,0.390930737785193,0.282842712474619
0.164,"Linear (1 factor)","Split",0.185883971177247,0.841658046806657,0.44196049057068,0.399697556235977,0.202484567313166
0.168,"Linear (1 factor)","Split",0.186884169769075,0.85139572578991,0.442878324525051,0.408517401264858,0.204939015319192
0.172,"Linear (1 factor)","Split",0.187873792251247,0.86111120774588,0.44379043957365,0.41732076817223,0.146628782986152
0.176,"Linear (1 factor)","Split",0.188877373112105,0.870805550182048,0.444719459109305,0.426086091072743,0.148323969741913
0.18,"Linear (1 factor)","Split",0.189811113353229,0.880479751983102,0.445587470155929,0.434892281827172,0.3
0.184,"Linear (1 factor)","Split",0.190717044771243,0.890134747457912,0.446432977407181,0.443701770050731,0.303315017762062
0.188,"Linear (1 factor)","Split",0.191596425813551,0.899771409848097,0.447256849712192,0.452514560135905,0.306594194335118
0.192,"Linear (1 factor)","Split",0.192491133199308,0.909390557295883,0.448098250889398,0.461292306406486,0.309838667696593
0.196,"Linear (1 factor)","Split",0.193320895334574,0.918992947735959,0.448881425267744,0.470111522468215,0.313049516849971
0.2,"Linear (1 factor)","Split",0.194129489897881,0.928579312438673,0.449647250125858,0.478932062312815,0.223606797749979
0.22,"Linear (1 factor)","Split",0.197917268866526,0.976293096440173,0.453268985385804,0.523024111054369,0.234520787991171
0.24,"Linear (1 factor)","Split",0.201308683221362,1.0236928870518,0.456559126121252,0.56713376093055,0.173205080756888
0.26,"Linear (1 factor)","Split",0.204311173035624,1.07083286222255,0.459508655606653,0.611324206615901,0.180277563773199
0.28,"Linear (1 factor)","Split",0.207036808883776,1.11775476130524,0.462215495804317,0.655539265500919,0.374165738677394
0.3,"Linear (1 factor)","Split",0.209513064855162,1.16449132554277,0.464698360959855,0.69979296458291,0.387298334620742
0.32,"Linear (1 factor)","Split",0.211779919983213,1.21106865724571,0.466990638142357,0.744078019103352,0.4
0.34,"Linear (1 factor)","Split",0.213866936171339,1.25750786366515,0.469117094724996,0.788390768940157,0.412310562561766
0.36,"Linear (1 factor)","Split",0.215798094526041,1.3038262311177,0.471098156387633,0.832728074730071,0.424264068711929
0.38,"Linear (1 factor)","Split",0.217593063084835,1.35003807860454,0.472950822325591,0.877087256278944,0.308220700148449
0.4,"Linear (1 factor)","Split",0.219268136538312,1.39615538903147,0.474689362314409,0.921466026717065,0.316227766016838
0.42,"Linear (1 factor)","Split",0.220836941476169,1.44218828324172,0.476325852167796,0.965862431073921,0.229128784747792
0.44,"Linear (1 factor)","Split",0.222302987415772,1.48814538115446,0.477862202861184,1.01028317829327,0.234520787991171
0.46,"Linear (1 factor)","Split",0.223711670518536,1.53403408314036,0.479344720332251,1.05468936280811,0.479583152331272
0.48,"Linear (1 factor)","Split",0.225011314805353,1.57986077208998,0.480717824207054,1.09914294788293,0.489897948556636
0.5,"Linear (1 factor)","Split",0.226251244878543,1.62563101738553,0.48203251189401,1.14359850549152,0.5
0.52,"Linear (1 factor)","Split",0.227431936067916,1.67134967753797,0.483288538192066,1.1880611393459,0.509901951359279
0.54,"Linear (1 factor)","Split",0.228555171614725,1.71702102910216,0.4844871173506,1.23253391175156,0.519615242270663
0.56,"Linear (1 factor)","Split",0.229625753572726,1.76264885137553,0.485632772490922,1.27701607888461,0.374165738677394
0.58,"Linear (1 factor)","Split",0.230647916594994,1.80823649980403,0.486729518209876,1.32150698159415,0.380788655293195
0.6,"Linear (1 factor)","Split",0.231666106148958,1.8537869656034,0.487824758253325,1.36596220735007,0.273861278752583
0.62,"Linear (1 factor)","Split",0.232602274002123,1.89930292135889,0.488834143580359,1.41046877777853,0.278388218141501
0.64,"Linear (1 factor)","Split",0.233500097259728,1.9447867788108,0.489804273406555,1.45498250540424,0.565685424949238
0.66,"Linear (1 factor)","Split",0.234362252323545,1.99024070763409,0.49073774346319,1.4995029641709,0.574456264653803
0.68,"Linear (1 factor)","Split",0.235191148793733,2.03566667043621,0.491636902333139,1.54402976810307,0.58309518948453
0.7,"Linear (1 factor)","Split",0.235994177658323,2.08106644671926,0.492509552850212,1.58855689386904,0.591607978309962
0.72,"Linear (1 factor)","Split",0.236769700435074,2.1264416556782,0.49335372922801,1.63308792645019,0.6
0.74,"Linear (1 factor)","Split",0.237518452223443,2.17179377518511,0.494170055086186,1.67762372009892,0.430116263352131
0.76,"Linear (1 factor)","Split",0.238242070404586,2.21712415689898,0.494960155781705,1.72216400111727,0.435889894354067
0.78,"Linear (1 factor)","Split",0.238942050288904,2.26243404010004,0.495725521357941,1.7667085187421,0.31224989991992
0.8,"Linear (1 factor)","Split",0.239619760829451,2.30772456362577,0.496467520968994,1.81125704265678,0.316227766016838
0.82,"Linear (1 factor)","Split",0.240276458246114,2.35299677627609,0.49718741544966,1.85580936082643,0.640312423743285
0.84,"Linear (1 factor)","Split",0.24091329788148,2.39825164591632,0.497886368306889,1.90036527760943,0.648074069840786
0.86,"Linear (1 factor)","Split",0.241531344554972,2.44349006746769,0.498565455363642,1.94492461210404,0.6557438524302
0.88,"Linear (1 factor)","Split",0.242131581636311,2.48871286994384,0.499225673247664,1.98948719669618,0.66332495807108
0.9,"Linear (1 factor)","Split",0.242714919021631,2.53392082266612,0.499867946885529,2.0340528757806,0.670820393249937
0.92,"Linear (1 factor)","Split",0.243282200166968,2.57911464076948,0.500493136138288,2.07862150463119,0.479583152331272
0.94,"Linear (1 factor)","Split",0.243874902046559,2.62429498883293,0.501146950909696,2.12314803792324,0.484767985741633
0.96,"Linear (1 factor)","Split",0.244412365726556,2.66946248585078,0.501740356864372,2.16772212898641,0.346410161513775
0.98,"Linear (1 factor)","Split",0.244935963672447,2.71461771445634,0.5023189215029,2.21229879295344,0.35
1,"Linear (1 factor)","Split",0.245446329195937,2.75976121691971,0.502883297382634,2.25687791953707,0.707106781186548
0,"Linear (1 factor)","Half split",0.00014582772188295,0.333357643270921,0.333357643270921,0,0
0.004,"Linear (1 factor)","Half split",0.0944710273174067,0.376845314750171,0.351578480655753,0.0252668340944182,0.0447213595499958
0.008,"Linear (1 factor)","Half split",0.126555869644687,0.398992829390477,0.3590963715291,0.0398964578613767,0.0632455532033676
0.012,"Linear (1 factor)","Half split",0.148966450967771,0.417653731626481,0.364819004310643,0.0528347273158379,0.0774596669241483
0.016,"Linear (1 factor)","Half split",0.166478524209063,0.434527720690459,0.369584189885837,0.0649435308046225,0.0632455532033676
0.02,"Linear (1 factor)","Half split",0.180958413979141,0.450273290132886,0.37373124337527,0.0765420467576158,0.0707106781186548
0.024,"Linear (1 factor)","Half split",0.193335921658986,0.465228039452865,0.377432378439788,0.0877956610130775,0.0547722557505166
0.028,"Linear (1 factor)","Half split",0.204121723343782,0.479592317831036,0.380780043921038,0.0988122739099977,0.0591607978309962
0.032,"Linear (1 factor)","Half split",0.213673779017791,0.49349643730751,0.383843564451047,0.109652872856463,0.126491106406735
0.036,"Linear (1 factor)","Half split",0.222249392471187,0.507030680719521,0.386675530751634,0.120355149967887,0.134164078649987
0.04,"Linear (1 factor)","Half split",0.230012825972829,0.52026055797668,0.389307785858211,0.130952772118469,0.14142135623731
0.044,"Linear (1 factor)","Half split",0.237094714184401,0.53323531350511,0.391767184257502,0.141468129247608,0.148323969741913
0.048,"Linear (1 factor)","Half split",0.243606053211986,0.545993011206813,0.394078593289283,0.15191441791753,0.154919333848297
0.052,"Linear (1 factor)","Half split",0.249579389304982,0.558563744570778,0.396242158197737,0.162321586373041,0.114017542509914
0.056,"Linear (1 factor)","Half split",0.255178268597269,0.570971750601959,0.398308285855655,0.172663464746304,0.118321595661992
0.06,"Linear (1 factor)","Half split",0.260353370574387,0.583236861527603,0.400251468937368,0.182985392590234,0.0866025403784439
0.064,"Linear (1 factor)","Half split",0.265189059131282,0.595375521120743,0.402096706613774,0.193278814506969,0.0894427190999916
0.068,"Linear (1 factor)","Half split",0.26972204679186,0.607401522049242,0.403852699964207,0.203548822085035,0.184390889145858
0.072,"Linear (1 factor)","Half split",0.27398350624966,0.619326550534076,0.405527002286237,0.213799548247839,0.189736659610103
0.076,"Linear (1 factor)","Half split",0.277981794721135,0.631160596095606,0.407118872394394,0.224041723701212,0.194935886896179
0.08,"Linear (1 factor)","Half split",0.281771890240985,0.642912266523598,0.408646815249405,0.234265451274193,0.2
0.084,"Linear (1 factor)","Half split",0.285359867609549,0.654589030120759,0.410110469417008,0.244478560703751,0.204939015319192
0.088,"Linear (1 factor)","Half split",0.288763443686372,0.666197408935054,0.411514515804242,0.254682893130812,0.148323969741913
0.092,"Linear (1 factor)","Half split",0.29203887461061,0.677743131188147,0.412880195672502,0.264862935515645,0.151657508881031
0.096,"Linear (1 factor)","Half split",0.295118512442372,0.689231254702765,0.414177327792966,0.2750539269098,0.109544511501033
0.1,"Linear (1 factor)","Half split",0.298055243197173,0.700666267758922,0.415426185195189,0.285240082563732,0.111803398874989
0.104,"Linear (1 factor)","Half split",0.300858581811284,0.71205216973789,0.416629258609684,0.295422911128206,0.228035085019828
0.108,"Linear (1 factor)","Half split",0.303542989839157,0.723392539887301,0.417791385777214,0.305601154110086,0.232379000772445
0.112,"Linear (1 factor)","Half split",0.306089798629845,0.734690593370859,0.418903138573575,0.315787454797284,0.236643191323985
0.116,"Linear (1 factor)","Half split",0.308570683992637,0.745949226606678,0.419994781441158,0.32595444516552,0.240831891575846
0.12,"Linear (1 factor)","Half split",0.310951888021689,0.757171063504623,0.42105066018401,0.336120403320614,0.244948974278318
0.124,"Linear (1 factor)","Half split",0.313199037905121,0.768358479346459,0.422054416066994,0.346304063279465,0.17606816861659
0.128,"Linear (1 factor)","Half split",0.315363697783933,0.779513642763927,0.423028085958879,0.356485556805048,0.178885438199983
0.132,"Linear (1 factor)","Half split",0.317501921768917,0.79063851722895,0.423996414586854,0.366642102642096,0.128452325786651
0.136,"Linear (1 factor)","Half split",0.319530928382686,0.801734918896116,0.424921333871117,0.376813585024999,0.130384048104053
0.14,"Linear (1 factor)","Half split",0.321488363957965,0.812804499716165,0.425819241045473,0.386985258670692,0.264575131106459
0.144,"Linear (1 factor)","Half split",0.323378342587564,0.823848781157786,0.426691461112992,0.397157320044794,0.268328157299975
0.148,"Linear (1 factor)","Half split",0.325204650176438,0.834869164466546,0.427539226328195,0.407329938138351,0.272029410174709
0.152,"Linear (1 factor)","Half split",0.326970777628988,0.845866942811704,0.428363684588855,0.417503258222849,0.275680975041804
0.156,"Linear (1 factor)","Half split",0.328679950000134,0.85684331194623,0.429165906900782,0.427677405045449,0.279284800875379
0.16,"Linear (1 factor)","Half split",0.330335152178402,0.867799379592724,0.429946894035059,0.437852485557665,0.2
0.164,"Linear (1 factor)","Half split",0.331939151586419,0.878736173733203,0.430707582483259,0.448028591249944,0.202484567313166
0.168,"Linear (1 factor)","Half split",0.333494518299778,0.889654649952448,0.431448849796891,0.458205800155557,0.144913767461894
0.172,"Linear (1 factor)","Half split",0.335003642926681,0.900555697961266,0.432171519386459,0.468384178574807,0.146628782986152
0.176,"Linear (1 factor)","Half split",0.3364687525372,0.911440147406808,0.432876364843927,0.478563782562881,0.296647939483827
0.18,"Linear (1 factor)","Half split",0.337891924892836,0.922308773061101,0.43356411384578,0.488744659215321,0.3
0.184,"Linear (1 factor)","Half split",0.339275101184061,0.933162299465687,0.434235451682909,0.498926847782778,0.303315017762062
0.188,"Linear (1 factor)","Half split",0.34062009745959,0.944001405099101,0.434891024460067,0.509110380639034,0.306594194335118
0.192,"Linear (1 factor)","Half split",0.34192861490348,0.954826726124586,0.435531442001102,0.519295284123483,0.309838667696593
0.196,"Linear (1 factor)","Half split",0.343202249095613,0.965638859767574,0.436157280491932,0.529481579275641,0.221359436211787
0.2,"Linear (1 factor)","Half split",0.344442764412256,0.976438367363365,0.436769216375523,0.539669150987842,0.223606797749979
0.22,"Linear (1 factor)","Half split",0.350178481330492,1.0302639768819,0.439629200906537,0.590634775975358,0.16583123951777
0.24,"Linear (1 factor)","Half split",0.355276357614772,1.08384168367795,0.442213735972682,0.641627947705265,0.173205080756888
0.26,"Linear (1 factor)","Half split",0.359833956532475,1.13721404055202,0.44455865154443,0.692655389007586,0.360555127546399
0.28,"Linear (1 factor)","Half split",0.363931628154987,1.1904140241909,0.446694813793043,0.743719210397858,0.374165738677394
0.3,"Linear (1 factor)","Half split",0.367643886936493,1.24346765687379,0.448653022651812,0.794814634221976,0.387298334620742
0.32,"Linear (1 factor)","Half split",0.371025577897308,1.29639579460259,0.450455986847215,0.845939807755375,0.4
0.34,"Linear (1 factor)","Half split",0.374112108347544,1.3492153809532,0.452117596148828,0.897097784804369,0.412310562561766
0.36,"Linear (1 factor)","Half split",0.376972046619497,1.40194034358165,0.453670929592449,0.948269413989204,0.3
0.38,"Linear (1 factor)","Half split",0.379583168102306,1.45458225803154,0.455100688254245,0.999481569777295,0.308220700148449
0.4,"Linear (1 factor)","Half split",0.382030313844111,1.50715082377201,0.456450721432668,1.05070010233934,0.223606797749979
0.42,"Linear (1 factor)","Half split",0.384303756942376,1.55965425345903,0.457713681323672,1.10194057213536,0.229128784747792
0.44,"Linear (1 factor)","Half split",0.386413225204333,1.61209954246208,0.458893114430769,1.15320642803131,0.469041575982343
0.46,"Linear (1 factor)","Half split",0.388384005334736,1.66449269382019,0.460001603851774,1.20449108996841,0.479583152331272
0.48,"Linear (1 factor)","Half split",0.390229729402302,1.71683889237394,0.461045549169922,1.25579334320402,0.489897948556636
0.5,"Linear (1 factor)","Half split",0.392002948603799,1.76914263845497,0.462053777063334,1.30708886139164,0.5
0.52,"Linear (1 factor)","Half split",0.393632636487051,1.82140786713207,0.46298497736936,1.35842288976271,0.509901951359279
0.54,"Linear (1 factor)","Half split",0.395171089410844,1.8736380306378,0.463868081132996,1.4097699495048,0.367423461417477
0.56,"Linear (1 factor)","Half split",0.396631098446905,1.92583617080463,0.464709786722588,1.46112638408204,0.374165738677394
0.58,"Linear (1 factor)","Half split",0.398013175483123,1.97800498102713,0.465509826225305,1.51249515480183,0.269258240356725
0.6,"Linear (1 factor)","Half split",0.399323587100311,2.03014685542006,0.46627131535931,1.56387554006075,0.273861278752583
0.62,"Linear (1 factor)","Half split",0.40056792814884,2.08226392975676,0.466997057744478,1.61526687201229,0.556776436283002
0.64,"Linear (1 factor)","Half split",0.401751211320451,2.13435811592761,0.467689584024131,1.66666853190348,0.565685424949238
0.66,"Linear (1 factor)","Half split",0.402877942520134,2.18643113095628,0.468351185121292,1.71807994583499,0.574456264653803
0.68,"Linear (1 factor)","Half split",0.403952184623007,2.23848452156158,0.468983940643394,1.76950058091819,0.58309518948453
0.7,"Linear (1 factor)","Half split",0.404977611686988,2.29051968505097,0.46958974326024,1.82092994179073,0.591607978309962
0.72,"Linear (1 factor)","Half split",0.40595755526525,2.34253788717594,0.470170319714788,1.87236756746115,0.424264068711929
0.74,"Linear (1 factor)","Half split",0.406895044149425,2.39454027745748,0.470727249007679,1.9238130284498,0.430116263352131
0.76,"Linear (1 factor)","Half split",0.407792838617607,2.44652790239438,0.471261978195497,1.97526592419888,0.308220700148449
0.78,"Linear (1 factor)","Half split",0.408653460066955,2.49850171689093,0.47177583616749,2.02672588072344,0.31224989991992
0.8,"Linear (1 factor)","Half split",0.409493009981186,2.55046259367971,0.472278310573597,2.07818428310611,0.632455532033676
0.82,"Linear (1 factor)","Half split",0.410287001251904,2.60241133383736,0.472754606912151,2.12965672692521,0.640312423743285
0.84,"Linear (1 factor)","Half split",0.411052243174432,2.65434867196952,0.47321465952578,2.18113401244374,0.648074069840786
0.86,"Linear (1 factor)","Half split",0.411786602551219,2.70627528353492,0.473657071504411,2.23261821203051,0.6557438524302
0.88,"Linear (1 factor)","Half split",0.412493616826709,2.75819179166704,0.474083866352936,2.28410792531411,0.66332495807108
0.9,"Linear (1 factor)","Half split",0.413174812756122,2.81009877143488,0.474495871147595,2.33560290028729,0.474341649025257
0.92,"Linear (1 factor)","Half split",0.413831603673714,2.86199675461036,0.474893854591063,2.38710290001929,0.479583152331272
0.94,"Linear (1 factor)","Half split",0.414465276054913,2.91388623370239,0.475278517615682,2.4386077160867,0.342782730020052
0.96,"Linear (1 factor)","Half split",0.415077059166483,2.96576766555811,0.475650534568988,2.49011713098912,0.346410161513775
0.98,"Linear (1 factor)","Half split",0.415668097468328,3.0176414745578,0.476010535629723,2.54163093892808,0.7
1,"Linear (1 factor)","Half split",0.416239444680375,3.06950805547139,0.476359102346196,2.59314895312519,0.707106781186548
0,"Linear (1 factor)","Retain",0.000166100350655761,0.333347177328538,0.333347177328538,0,0
0.004,"Linear (1 factor)","Retain",0.180192333957223,0.378029108356271,0.35147016166083,0.0265589466954409,0.0447213595499958
0.008,"Linear (1 factor)","Retain",0.237099972858767,0.401549991128064,0.358763621661368,0.0427863694666958,0.0632455532033676
0.012,"Linear (1 factor)","Retain",0.275330081425901,0.421717368245984,0.364187672920135,0.0575296953258485,0.0547722557505166
0.016,"Linear (1 factor)","Retain",0.304362093987739,0.440204786309731,0.368619010682317,0.0715857756274142,0.0632455532033676
0.02,"Linear (1 factor)","Retain",0.327730130730538,0.457653136875377,0.372397396705997,0.0852557401693794,0.05
0.024,"Linear (1 factor)","Retain",0.347246286641198,0.474386877515149,0.375706878942345,0.0986799985728035,0.0547722557505166
0.028,"Linear (1 factor)","Retain",0.363949897868188,0.490596040279619,0.378656644246138,0.111939396033481,0.118321595661992
0.032,"Linear (1 factor)","Retain",0.378497339201944,0.506402594672188,0.381317781377716,0.125084813294472,0.126491106406735
0.036,"Linear (1 factor)","Retain",0.391391597017495,0.521889947158826,0.383751104153643,0.138138843005182,0.134164078649987
0.04,"Linear (1 factor)","Retain",0.402873194086563,0.537117859220275,0.385978948932048,0.151138910288227,0.14142135623731
0.044,"Linear (1 factor)","Retain",0.413243245712564,0.552130718975946,0.388042176263082,0.164088542712865,0.148323969741913
0.048,"Linear (1 factor)","Retain",0.422646205847566,0.566962448904216,0.389956099179726,0.17700634972449,0.109544511501033
0.052,"Linear (1 factor)","Retain",0.431252752619465,0.581639585780327,0.391744802588907,0.18989478319142,0.114017542509914
0.056,"Linear (1 factor)","Retain",0.439164419900608,0.596183293665618,0.393420941678693,0.202762351986925,0.0836660026534076
0.06,"Linear (1 factor)","Retain",0.446472277851119,0.610610730659509,0.394996873739773,0.215613856919736,0.0866025403784439
0.064,"Linear (1 factor)","Retain",0.453250945529932,0.624936003647802,0.396482972087749,0.228453031560053,0.178885438199983
0.068,"Linear (1 factor)","Retain",0.459562321616669,0.639170852880101,0.397888041739795,0.241282811140306,0.184390889145858
0.072,"Linear (1 factor)","Retain",0.465458312069739,0.653325153681402,0.399219629330103,0.254105524351299,0.189736659610103
0.076,"Linear (1 factor)","Retain",0.47098286276691,0.667407291258096,0.400484258472361,0.266923032785735,0.194935886896179
0.08,"Linear (1 factor)","Retain",0.476173499872222,0.681424445457778,0.401687611423709,0.279736834034069,0.2
0.084,"Linear (1 factor)","Retain",0.481062514676847,0.695382810374204,0.402834671324772,0.292548139049432,0.144913767461894
0.088,"Linear (1 factor)","Retain",0.485679351160782,0.709287765971723,0.403930184293856,0.305357581677867,0.148323969741913
0.092,"Linear (1 factor)","Retain",0.490052071288102,0.72314401390906,0.404978945819207,0.318165068089854,0.107238052947636
0.096,"Linear (1 factor)","Retain",0.494165040963099,0.736955686431046,0.405975454534667,0.330980231896379,0.109544511501033
0.1,"Linear (1 factor)","Retain",0.498133080855081,0.750726432183165,0.406946189838443,0.343780242344722,0.223606797749979
0.104,"Linear (1 factor)","Retain",0.501868271539804,0.764459490693956,0.407868438587855,0.356591052106101,0.228035085019828
0.108,"Linear (1 factor)","Retain",0.505426177969005,0.778157748901675,0.408754642802046,0.36940310609963,0.232379000772445
0.112,"Linear (1 factor)","Retain",0.508820083082117,0.79182379029126,0.409607097525026,0.382216692766235,0.236643191323985
0.116,"Linear (1 factor)","Retain",0.512061899705993,0.805459935394933,0.41042788943584,0.395032045959093,0.240831891575846
0.12,"Linear (1 factor)","Retain",0.515162350042928,0.81906827576912,0.411218921616084,0.407849354153036,0.173205080756888
0.124,"Linear (1 factor)","Retain",0.518131116828238,0.832650702673799,0.411981934687525,0.420668767986274,0.17606816861659
0.128,"Linear (1 factor)","Retain",0.520976971352573,0.846208931416064,0.412718524948102,0.433490406467961,0.126491106406735
0.132,"Linear (1 factor)","Retain",0.523707882467216,0.859744522121627,0.41343016001044,0.446314362111187,0.128452325786651
0.136,"Linear (1 factor)","Retain",0.526331109858101,0.873258897545213,0.41411819234942,0.459140705195793,0.260768096208106
0.14,"Linear (1 factor)","Retain",0.528853284232505,0.886753358412092,0.414783871089921,0.471969487322171,0.264575131106459
0.144,"Linear (1 factor)","Retain",0.531280476557035,0.900229096690022,0.415428352305326,0.484800744384696,0.268328157299975
0.148,"Linear (1 factor)","Retain",0.533618258088994,0.913687207117395,0.416052708049637,0.497634499067758,0.272029410174709
0.152,"Linear (1 factor)","Retain",0.53587175262885,0.927128697255062,0.416657934307825,0.510470762947238,0.275680975041804
0.156,"Linear (1 factor)","Retain",0.538045682169369,0.940554496282605,0.417244958017961,0.523309538264644,0.197484176581315
0.16,"Linear (1 factor)","Retain",0.540144406915337,0.953965462722219,0.417814643293659,0.53615081942856,0.2
0.164,"Linear (1 factor)","Retain",0.542171960484243,0.967362391242957,0.418367796954846,0.548994594288111,0.143178210632764
0.168,"Linear (1 factor)","Retain",0.544132080965549,0.980746018673268,0.418905173458078,0.561840845215189,0.144913767461894
0.172,"Linear (1 factor)","Retain",0.546028238407605,0.994117029329489,0.419427479303713,0.574689550025775,0.293257565972304
0.176,"Linear (1 factor)","Retain",0.547863659212905,1.00747605975126,0.419935376985987,0.587540682765274,0.296647939483827
0.18,"Linear (1 factor)","Retain",0.549641347847043,1.02082370292104,0.420429488541977,0.600394214379066,0.3
0.184,"Linear (1 factor)","Retain",0.551364106208533,1.03416051203341,0.420910398748155,0.613250113285257,0.303315017762062
0.188,"Linear (1 factor)","Retain",0.553034550952866,1.04748700387035,0.42137865800571,0.626108345864643,0.306594194335118
0.192,"Linear (1 factor)","Retain",0.554655129024557,1.06080366183067,0.421834784950916,0.638968876879755,0.219089023002066
0.196,"Linear (1 factor)","Retain",0.556228131613583,1.074110938655,0.422279268821505,0.651831669833496,0.221359436211787
0.2,"Linear (1 factor)","Retain",0.557755706723224,1.08740925888216,0.42271257160614,0.664696687276018,0.158113883008419
0.22,"Linear (1 factor)","Retain",0.564787659420068,1.15377965893513,0.424728463821878,0.729051195113256,0.16583123951777
0.24,"Linear (1 factor)","Retain",0.570928827528949,1.21997696400723,0.426517975111344,0.793458988895884,0.346410161513775
0.26,"Linear (1 factor)","Retain",0.576350757965759,1.28603272919281,0.428120789711387,0.857911939481426,0.360555127546399
0.28,"Linear (1 factor)","Retain",0.581175842566518,1.35197114151686,0.429565515726914,0.922405625789948,0.374165738677394
0.3,"Linear (1 factor)","Retain",0.585499643756609,1.41781108374778,0.430875046044694,0.986936037703087,0.387298334620742
0.32,"Linear (1 factor)","Retain",0.589397982670827,1.48356753271191,0.432067951026731,1.05149958168518,0.4
0.34,"Linear (1 factor)","Retain",0.592931863705531,1.54925253240626,0.433159474685398,1.11609305772086,0.291547594742265
0.36,"Linear (1 factor)","Retain",0.596150976714326,1.61487588689222,0.434162262314657,1.18071362457756,0.3
0.38,"Linear (1 factor)","Retain",0.599096238961558,1.68044566364051,0.435086901765718,1.24535876187479,0.217944947177034
0.4,"Linear (1 factor)","Retain",0.601801673559755,1.74596856569919,0.435942332620787,1.31002623307841,0.223606797749979
0.42,"Linear (1 factor)","Retain",0.60429518609361,1.81145021120812,0.436735957583629,1.37471425362449,0.458257569495584
0.44,"Linear (1 factor)","Retain",0.60660150989514,1.87689534641085,0.437474481109124,1.43942086530172,0.469041575982343
0.46,"Linear (1 factor)","Retain",0.608741421977706,1.94230800986201,0.438163591646941,1.50414441821507,0.479583152331272
0.48,"Linear (1 factor)","Retain",0.610739991270643,2.00769166095257,0.438810576759077,1.5688810841935,0.489897948556636
0.5,"Linear (1 factor)","Retain",0.612606622226092,2.07304928069414,0.439417826480361,1.63363145421378,0.5
0.52,"Linear (1 factor)","Retain",0.614311282955816,2.13838345018202,0.439974910069784,1.69840854011223,0.360555127546399
0.54,"Linear (1 factor)","Retain",0.615946911318412,2.20369642018135,0.440511712843005,1.76318470733834,0.367423461417477
0.56,"Linear (1 factor)","Retain",0.617482917743524,2.26899016029476,0.441017862728351,1.82797229756641,0.264575131106459
0.58,"Linear (1 factor)","Retain",0.618928198447221,2.33426640141347,0.441495931460405,1.89277046995307,0.269258240356725
0.6,"Linear (1 factor)","Retain",0.620290614115252,2.39952667151823,0.441948208830669,1.95757846268756,0.547722557505166
0.62,"Linear (1 factor)","Retain",0.621577137224937,2.46477232472811,0.442376740570317,2.02239558415779,0.556776436283002
0.64,"Linear (1 factor)","Retain",0.622753275386714,2.53000456456782,0.442769739618191,2.08723482494963,0.565685424949238
0.66,"Linear (1 factor)","Retain",0.623905971681759,2.59522446597702,0.443156055337116,2.15206841063991,0.574456264653803
0.68,"Linear (1 factor)","Retain",0.624999495001472,2.66043299244748,0.443523595439176,2.21690939700831,0.58309518948453
0.7,"Linear (1 factor)","Retain",0.626038310827827,2.72563100846247,0.443873703281469,2.281757305181,0.418330013267038
0.72,"Linear (1 factor)","Retain",0.627026216565552,2.79081929268601,0.44420751937887,2.34661177330715,0.424264068711929
0.74,"Linear (1 factor)","Retain",0.627967532944962,2.85599854839701,0.444526380950027,2.41147216744699,0.304138126514911
0.76,"Linear (1 factor)","Retain",0.628863891572243,2.92116941236389,0.444830730531784,2.4763386818321,0.308220700148449
0.78,"Linear (1 factor)","Retain",0.629708828772275,2.98633246229072,0.445118262703213,2.54121419958751,0.62449979983984
0.8,"Linear (1 factor)","Retain",0.630514289349326,3.05148822542982,0.445392942779483,2.60609528265034,0.632455532033676
0.82,"Linear (1 factor)","Retain",0.631323562297223,3.11663718075948,0.445669496355273,2.6709676844042,0.640312423743285
0.84,"Linear (1 factor)","Retain",0.632052360574536,3.18177976374417,0.445919042317157,2.73586072142701,0.648074069840786
0.86,"Linear (1 factor)","Retain",0.632768053566993,3.24691638006883,0.446164556747117,2.80075182332171,0.6557438524302
0.88,"Linear (1 factor)","Retain",0.633454690443308,3.31204739628563,0.446400529134899,2.86564686715073,0.469041575982343
0.9,"Linear (1 factor)","Retain",0.63411395562655,3.37717315085848,0.446627487797778,2.9305456630607,0.474341649025257
0.92,"Linear (1 factor)","Retain",0.634747459767791,3.44229395543593,0.446845941396783,2.99544801403915,0.339116499156263
0.94,"Linear (1 factor)","Retain",0.635356689140644,3.50741009746276,0.447056360887354,3.06035373657541,0.342782730020052
0.96,"Linear (1 factor)","Retain",0.635943017462709,3.57252184249115,0.447259182963288,3.12526265952786,0.692820323027551
0.98,"Linear (1 factor)","Retain",0.636507716381268,3.63762943623123,0.447454813125737,3.19017462310549,0.7
1,"Linear (1 factor)","Retain",0.637051964816625,3.70273310637491,0.447643628431136,3.25508947794377,0.707106781186548
0,"Quadratic (1 factor)","Retain",0.000177511499830781,1.06674953688374,1.06674953688374,0,0
0.004,"Quadratic (1 factor)","Retain",0.0817558998448275,1.16830016832317,1.11235311039868,0.0559470579244941,0.0447213595499958
0.008,"Quadratic (1 factor)","Retain",0.10904966596673,1.21632292379441,1.13153160707149,0.0847913167229253,0.0447213595499958
0.012,"Quadratic (1 factor)","Retain",0.128200111974568,1.25538512241414,1.14639339846051,0.108991723953635,0.0547722557505166
0.016,"Quadratic (1 factor)","Retain",0.14329551422304,1.28976814849454,1.15900101946806,0.130767129026484,0.0447213595499958
0.02,"Quadratic (1 factor)","Retain",0.155679386951886,1.32114697261261,1.16997289175889,0.151174080853716,0.05
0.024,"Quadratic (1 factor)","Retain",0.16648695225475,1.35042223443202,1.18003803946867,0.170384194963346,0.109544511501033
0.028,"Quadratic (1 factor)","Retain",0.17596280446717,1.37808123110064,1.18925701657154,0.188824214529096,0.118321595661992
0.032,"Quadratic (1 factor)","Retain",0.184471797824355,1.40446091305355,1.19786266368356,0.206598249369992,0.126491106406735
0.036,"Quadratic (1 factor)","Retain",0.192155265302621,1.42979667604408,1.20590977520377,0.22388690084031,0.134164078649987
0.04,"Quadratic (1 factor)","Retain",0.199171391533606,1.45426094910466,1.21349505007928,0.240765899025378,0.14142135623731
0.044,"Quadratic (1 factor)","Retain",0.205631184859162,1.47798473857553,1.22068534841319,0.257299390162341,0.104880884817015
0.048,"Quadratic (1 factor)","Retain",0.211598223948448,1.5010705236451,1.22750820348064,0.273562320164457,0.109544511501033
0.052,"Quadratic (1 factor)","Retain",0.217139969767105,1.52360038434528,1.23400469270616,0.289595691639129,0.0806225774829855
0.056,"Quadratic (1 factor)","Retain",0.222305071118541,1.54564137412539,1.2402018030192,0.305439571106189,0.0836660026534076
0.06,"Quadratic (1 factor)","Retain",0.227132982680368,1.56724918580153,1.24612127370146,0.321127912100064,0.173205080756888
0.064,"Quadratic (1 factor)","Retain",0.231656249596815,1.58847073295298,1.25178093600558,0.336689796947392,0.178885438199983
0.068,"Quadratic (1 factor)","Retain",0.235902146555091,1.60934601328321,1.25719569803432,0.352150315248893,0.184390889145858
0.072,"Quadratic (1 factor)","Retain",0.239893877327809,1.62990948307337,1.26237828229383,0.367531200779537,0.189736659610103
0.076,"Quadratic (1 factor)","Retain",0.243651466493882,1.65019109032706,1.26733978468644,0.382851305640623,0.194935886896179
0.08,"Quadratic (1 factor)","Retain",0.247208695812551,1.67021706591271,1.27211209069225,0.398104975220461,0.14142135623731
0.084,"Quadratic (1 factor)","Retain",0.250521122261453,1.69001053113186,1.27662293656679,0.413387594565076,0.144913767461894
0.088,"Quadratic (1 factor)","Retain",0.253682742029959,1.70959198550372,1.2809895637797,0.428602421724015,0.104880884817015
0.092,"Quadratic (1 factor)","Retain",0.256666219070522,1.72897969461355,1.28516570916133,0.443813985452225,0.107238052947636
0.096,"Quadratic (1 factor)","Retain",0.259483788474129,1.74818999120508,1.28915982832729,0.459030162877788,0.219089023002066
0.1,"Quadratic (1 factor)","Retain",0.262146700757281,1.76723753503029,1.29298011204933,0.474257422980961,0.223606797749979
0.104,"Quadratic (1 factor)","Retain",0.264665333518943,1.78613552269075,1.29663450257151,0.489501020119243,0.228035085019828
0.108,"Quadratic (1 factor)","Retain",0.267049282824139,1.80489586327493,1.30013070087257,0.504765162402361,0.232379000772445
0.112,"Quadratic (1 factor)","Retain",0.269307438992907,1.82352932697694,1.30347616794384,0.520053159033099,0.236643191323985
0.116,"Quadratic (1 factor)","Retain",0.271448050361847,1.84204567212345,1.30667812244533,0.535367549678117,0.170293863659264
0.12,"Quadratic (1 factor)","Retain",0.273478777733678,1.86045375473633,1.30974353652054,0.550710218215787,0.173205080756888
0.124,"Quadratic (1 factor)","Retain",0.27540674157672,1.87876162379272,1.31267913107403,0.566082492718699,0.124498995979887
0.128,"Quadratic (1 factor)","Retain",0.277238563533848,1.89697660462539,1.31549137143038,0.581485233195007,0.126491106406735
0.132,"Quadratic (1 factor)","Retain",0.278980403415707,1.91510537236824,1.3181864639854,0.596918908382841,0.256904651573303
0.136,"Quadratic (1 factor)","Retain",0.280670118655289,1.93315401560758,1.32082061866504,0.612333396942544,0.260768096208106
0.14,"Quadratic (1 factor)","Retain",0.282245843901515,1.95112809669558,1.3232946972474,0.627833399448186,0.264575131106459
0.144,"Quadratic (1 factor)","Retain",0.283747216955038,1.96903270424771,1.32566797540997,0.643364728837738,0.268328157299975
0.148,"Quadratic (1 factor)","Retain",0.285178884609617,1.98687249478832,1.32794565698974,0.658926837798582,0.272029410174709
0.152,"Quadratic (1 factor)","Retain",0.286548813231824,2.00465173559802,1.33013853841692,0.674513197181101,0.194935886896179
0.156,"Quadratic (1 factor)","Retain",0.287858586483888,2.02237434184607,1.3322474791531,0.690126862692967,0.197484176581315
0.16,"Quadratic (1 factor)","Retain",0.289110797658701,2.04004391023244,1.33427509377188,0.705768816460564,0.14142135623731
0.164,"Quadratic (1 factor)","Retain",0.290308952264408,2.05766374830539,1.33622563234849,0.721438115956892,0.143178210632764
0.168,"Quadratic (1 factor)","Retain",0.291456314239059,2.07523690123397,1.33810311797672,0.737133783257246,0.289827534923789
0.172,"Quadratic (1 factor)","Retain",0.292555921768886,2.09276617587756,1.33991135327945,0.752854822598111,0.293257565972304
0.176,"Quadratic (1 factor)","Retain",0.293610602453114,2.11025416245369,1.34165392803354,0.768600234420151,0.296647939483827
0.18,"Quadratic (1 factor)","Retain",0.294622987764921,2.12770325405488,1.34333422760394,0.784369026450937,0.3
0.184,"Quadratic (1 factor)","Retain",0.295595526786959,2.1451156642377,1.34495544194584,0.800160222291855,0.303315017762062
0.188,"Quadratic (1 factor)","Retain",0.29653042400591,2.16249344288525,1.34652044881831,0.815972994066935,0.216794833886788
0.192,"Quadratic (1 factor)","Retain",0.297450232739888,2.17983849836438,1.34806648246132,0.831772015903057,0.219089023002066
0.196,"Quadratic (1 factor)","Retain",0.298291069215613,2.19715257174419,1.34948525417272,0.847667317571472,0.156524758424985
0.2,"Quadratic (1 factor)","Retain",0.299130523520357,2.21443732424452,1.35090693224254,0.863530392001979,0.158113883008419
0.22,"Quadratic (1 factor)","Retain",0.302884526646206,2.30047106621651,1.35732919170904,0.943141874507474,0.33166247903554
0.24,"Quadratic (1 factor)","Retain",0.306062140640173,2.38596171138613,1.36284885223039,1.02311285915574,0.346410161513775
0.26,"Quadratic (1 factor)","Retain",0.308790189879539,2.47102218010036,1.36764956543419,1.10337261466618,0.360555127546399
0.28,"Quadratic (1 factor)","Retain",0.311161122141921,2.55573560462743,1.37186893118489,1.18386667344255,0.374165738677394
0.3,"Quadratic (1 factor)","Retain",0.313243608235073,2.64016456442771,1.37561149859891,1.2645530658288,0.387298334620742
0.32,"Quadratic (1 factor)","Retain",0.315089603922562,2.7243571093323,1.37895789432692,1.34539921500538,0.282842712474619
0.34,"Quadratic (1 factor)","Retain",0.316739104627317,2.80835078630309,1.38197121409081,1.42637957221227,0.291547594742265
0.36,"Quadratic (1 factor)","Retain",0.318223394224044,2.89217539538901,1.3847015260481,1.50747386934091,0.212132034355964
0.38,"Quadratic (1 factor)","Retain",0.319567301828597,2.97585491749421,1.3871890781061,1.58866583938811,0.217944947177034
0.4,"Quadratic (1 factor)","Retain",0.320790796241422,3.05940889012825,1.38946661168657,1.66994227844168,0.447213595499958
0.42,"Quadratic (1 factor)","Retain",0.321910131278133,3.14285340736085,1.39156105368288,1.75129235367797,0.458257569495584
0.44,"Quadratic (1 factor)","Retain",0.322938681646247,3.22620185887769,1.39349477061197,1.83270708826573,0.469041575982343
0.46,"Quadratic (1 factor)","Retain",0.323887562171628,3.30946548459214,1.39528651055791,1.91417897403422,0.479583152331272
0.48,"Quadratic (1 factor)","Retain",0.324766092989692,3.39265379666824,1.39695211956031,1.99570167710793,0.489897948556636
0.5,"Quadratic (1 factor)","Retain",0.325582153596431,3.47577490475651,1.39850509294602,2.0772698118105,0.353553390593274
0.52,"Quadratic (1 factor)","Retain",0.326342455587674,3.55883576957095,1.39995700437135,2.1588787651996,0.360555127546399
0.54,"Quadratic (1 factor)","Retain",0.327052755128313,3.64184240271685,1.40131784318325,2.2405245595336,0.259807621135332
0.56,"Quadratic (1 factor)","Retain",0.327718020197363,3.72480002571562,1.40259628226928,2.32220374344634,0.264575131106459
0.58,"Quadratic (1 factor)","Retain",0.328352816532639,3.80771318246785,1.40381967985593,2.40389350261191,0.53851648071345
0.6,"Quadratic (1 factor)","Retain",0.328942485249271,3.89058589904575,1.40495918627394,2.48562671277181,0.547722557505166
0.62,"Quadratic (1 factor)","Retain",0.329496944809806,3.97342169142173,1.40603336627912,2.56738832514261,0.556776436283002
0.64,"Quadratic (1 factor)","Retain",0.330020634324747,4.05622367873797,1.407050355487,2.64917332325096,0.565685424949238
0.66,"Quadratic (1 factor)","Retain",0.330516132484852,4.13899463363313,1.40801476899415,2.73097986463898,0.574456264653803
0.68,"Quadratic (1 factor)","Retain",0.330985730044859,4.22173702876669,1.40893072369417,2.81280630507252,0.412310562561766
0.7,"Quadratic (1 factor)","Retain",0.33143146966087,4.30445307686255,1.40980190515258,2.89465117170996,0.418330013267038
0.72,"Quadratic (1 factor)","Retain",0.331855179217238,4.38714476443475,1.4106316238506,2.97651314058416,0.3
0.74,"Quadratic (1 factor)","Retain",0.332258499858422,4.46981388033865,1.4114228627315,3.05839101760715,0.304138126514911
0.76,"Quadratic (1 factor)","Retain",0.332642909688582,4.5524620400587,1.41217831759161,3.14028372246709,0.616441400296898
0.78,"Quadratic (1 factor)","Retain",0.333009743905603,4.6350907064641,1.41290043155086,3.22219027491324,0.62449979983984
0.8,"Quadratic (1 factor)","Retain",0.333360211985011,4.71770120762238,1.41359142460071,3.30410978302167,0.632455532033676
0.82,"Quadratic (1 factor)","Retain",0.333695412409888,4.80029475215034,1.41425331903755,3.38604143311279,0.640312423743285
0.84,"Quadratic (1 factor)","Retain",0.334016345349545,4.88287244249386,1.41488796144138,3.46798448105248,0.648074069840786
0.86,"Quadratic (1 factor)","Retain",0.334364618701673,4.96543528201832,1.4155776901155,3.54985759190283,0.463680924774785
0.88,"Quadratic (1 factor)","Retain",0.334661096816213,5.04798420220918,1.41616568078973,3.63181852141946,0.469041575982343
0.9,"Quadratic (1 factor)","Retain",0.33494618724462,5.13052004802548,1.41673181514369,3.7137882328818,0.335410196624968
0.92,"Quadratic (1 factor)","Retain",0.335220188841414,5.21304359755951,1.41727660306213,3.79576699449738,0.339116499156263
0.94,"Quadratic (1 factor)","Retain",0.335483748834083,5.29555556876011,1.41780125429094,3.87775431446918,0.685565460040104
0.96,"Quadratic (1 factor)","Retain",0.33573746413904,5.37805662420769,1.41830688708338,3.95974973712431,0.692820323027551
0.98,"Quadratic (1 factor)","Retain",0.335931212438812,5.46054737534668,1.41869339350606,4.04185398184062,0.7
1,"Quadratic (1 factor)","Retain",0.336165249245873,5.54302838949629,1.41916071347903,4.12386767601726,0.707106781186548
0,"Quadratic (1 factor)","Split",0.00014582772188295,1.06673474335372,1.06673474335372,0,0
0.004,"Quadratic (1 factor)","Split",0.0611303934076522,1.14075521091542,1.09970090328328,0.0410543076321375,0.0316227766016838
0.008,"Quadratic (1 factor)","Split",0.0823610472894204,1.17608755488476,1.11351725227777,0.062570302606987,0.0447213595499958
0.012,"Quadratic (1 factor)","Split",0.0974509703677482,1.20497608575862,1.12417107550106,0.0808050102575637,0.0387298334620742
0.016,"Quadratic (1 factor)","Split",0.109484987205303,1.23051311304248,1.13319781885045,0.0973152941920274,0.0447213595499958
0.02,"Quadratic (1 factor)","Split",0.119574347107769,1.25390173508229,1.14114801019345,0.112753724888832,0.1
0.024,"Quadratic (1 factor)","Split",0.128352413935944,1.27576164328752,1.1483612383275,0.12740040496002,0.109544511501033
0.028,"Quadratic (1 factor)","Split",0.136128398071153,1.29646273428945,1.15499036854345,0.141472365746006,0.118321595661992
0.032,"Quadratic (1 factor)","Split",0.143114839318472,1.31624737987551,1.16114490482741,0.155102475048106,0.126491106406735
0.036,"Quadratic (1 factor)","Split",0.149448332141571,1.33528513538659,1.16689176759912,0.168393367787473,0.134164078649987
0.04,"Quadratic (1 factor)","Split",0.155258297078735,1.35370058955172,1.1723077721268,0.181392817424914,0.1
0.044,"Quadratic (1 factor)","Split",0.160597736676066,1.37158894774005,1.17741007308127,0.194178874658783,0.104880884817015
0.048,"Quadratic (1 factor)","Split",0.165526954979132,1.38902534376567,1.1822292202804,0.206796123485274,0.0774596669241483
0.052,"Quadratic (1 factor)","Split",0.17008405135959,1.40607074277065,1.18677966485414,0.219291077916505,0.0806225774829855
0.056,"Quadratic (1 factor)","Split",0.174296502848573,1.42277581674251,1.19106898620596,0.231706830536549,0.167332005306815
0.06,"Quadratic (1 factor)","Split",0.178207352798509,1.43918356506763,1.1951240248157,0.244059540251936,0.173205080756888
0.064,"Quadratic (1 factor)","Split",0.181773064940499,1.45533108851406,1.19888344335815,0.256447645155905,0.178885438199983
0.068,"Quadratic (1 factor)","Split",0.185025709810082,1.47125082725775,1.2023654523101,0.268885374947653,0.184390889145858
0.072,"Quadratic (1 factor)","Split",0.18802129417216,1.48697133460065,1.20561741980851,0.281353914792145,0.189736659610103
0.076,"Quadratic (1 factor)","Split",0.190777850454875,1.50251781739013,1.20864870091226,0.293869116477867,0.137840487520902
0.08,"Quadratic (1 factor)","Split",0.19323378084209,1.51791249461305,1.21138113532268,0.306531359290366,0.14142135623731
0.084,"Quadratic (1 factor)","Split",0.195492341427136,1.53317480250958,1.21392069937906,0.319254103130525,0.102469507659596
0.088,"Quadratic (1 factor)","Split",0.197545641558805,1.54832166534092,1.21625192726806,0.332069738072866,0.104880884817015
0.092,"Quadratic (1 factor)","Split",0.199389341269436,1.56336768459608,1.21836359571847,0.345004088877614,0.214476105895272
0.096,"Quadratic (1 factor)","Split",0.201069607340137,1.57832538113087,1.22030338854472,0.358021992586148,0.219089023002066
0.1,"Quadratic (1 factor)","Split",0.202601963228807,1.59320544453759,1.22208526152647,0.371120183011125,0.223606797749979
0.104,"Quadratic (1 factor)","Split",0.204004685223112,1.60801697543376,1.22372720839647,0.384289767037285,0.228035085019828
0.108,"Quadratic (1 factor)","Split",0.205294050137266,1.62276771608551,1.22524564852835,0.397522067557156,0.232379000772445
0.112,"Quadratic (1 factor)","Split",0.206501837479787,1.63746425973983,1.22667604776599,0.410788211973843,0.167332005306815
0.116,"Quadratic (1 factor)","Split",0.207603959342427,1.65211223398801,1.22798812444869,0.42412410953932,0.170293863659264
0.12,"Quadratic (1 factor)","Split",0.208627440735193,1.66671645703235,1.22921243855998,0.437504018472369,0.122474487139159
0.124,"Quadratic (1 factor)","Split",0.209580988255668,1.68128107264477,1.23035819902298,0.450922873621789,0.124498995979887
0.128,"Quadratic (1 factor)","Split",0.210472053935675,1.69580966091946,1.23143335320104,0.464376307718412,0.25298221281347
0.132,"Quadratic (1 factor)","Split",0.211307041668837,1.71030533065875,1.23244478140823,0.47786054925052,0.256904651573303
0.136,"Quadratic (1 factor)","Split",0.212132181634786,1.72477078332816,1.23344803910618,0.491322744221978,0.260768096208106
0.14,"Quadratic (1 factor)","Split",0.21287483201053,1.73920839091609,1.23435420784879,0.504854183067303,0.264575131106459
0.144,"Quadratic (1 factor)","Split",0.213593741731046,1.75362025276259,1.23523431397182,0.51838593879077,0.268328157299975
0.148,"Quadratic (1 factor)","Split",0.214278777335291,1.76800821370438,1.23607561943013,0.53193259427425,0.192353840616713
0.152,"Quadratic (1 factor)","Split",0.214945824926114,1.78237392167939,1.23689734488024,0.545476576799151,0.194935886896179
0.156,"Quadratic (1 factor)","Split",0.215559621998455,1.79671883037408,1.23765566823573,0.559063162138345,0.139642400437689
0.16,"Quadratic (1 factor)","Split",0.216160743837233,1.81104426818231,1.23840037856411,0.572643889618197,0.14142135623731
0.164,"Quadratic (1 factor)","Split",0.216738647085094,1.82535141413206,1.23911823944004,0.586233174692028,0.286356421265527
0.168,"Quadratic (1 factor)","Split",0.217295244278832,1.8396413373647,1.23981141452944,0.599829922835265,0.289827534923789
0.172,"Quadratic (1 factor)","Split",0.217832230530643,1.85391500721972,1.24048182673353,0.613433180486192,0.293257565972304
0.176,"Quadratic (1 factor)","Split",0.218351113694012,1.86817330556741,1.2411311908437,0.627042114723702,0.296647939483827
0.18,"Quadratic (1 factor)","Split",0.218853239537339,1.88241703731425,1.24176104089167,0.640655996422574,0.3
0.184,"Quadratic (1 factor)","Split",0.21933981286122,1.89664693938896,1.24237275317001,0.654274186218946,0.214476105895272
0.188,"Quadratic (1 factor)","Split",0.219811915320069,1.91086368845987,1.24296756572382,0.66789612273605,0.216794833886788
0.192,"Quadratic (1 factor)","Split",0.220270520558262,1.92506790758908,1.2435465949602,0.681521312628881,0.154919333848297
0.196,"Quadratic (1 factor)","Split",0.220716507148276,1.93926017199187,1.24411084989447,0.695149322097401,0.156524758424985
0.2,"Quadratic (1 factor)","Split",0.22115066971828,1.95344101404004,1.24466124444629,0.708779769593744,0.316227766016838
0.22,"Quadratic (1 factor)","Split",0.223207865476823,2.02419002271561,1.24728399898535,0.776906023730258,0.33166247903554
0.24,"Quadratic (1 factor)","Split",0.225005143815302,2.0947149842701,1.24959555255808,0.845119431712018,0.346410161513775
0.26,"Quadratic (1 factor)","Split",0.226658611857303,2.16505290232274,1.25173891625747,0.913313986065271,0.360555127546399
0.28,"Quadratic (1 factor)","Split",0.228179009142975,2.23523170379301,1.2537240865447,0.981507617248309,0.374165738677394
0.3,"Quadratic (1 factor)","Split",0.229591016188854,2.30527316688186,1.25558010273241,1.04969306414944,0.273861278752583
0.32,"Quadratic (1 factor)","Split",0.230911824090436,2.37519470711303,1.25732710438557,1.11786760272746,0.282842712474619
0.34,"Quadratic (1 factor)","Split",0.232146007578874,2.44501054122222,1.25896908431249,1.18604145690973,0.206155281280883
0.36,"Quadratic (1 factor)","Split",0.23330521448575,2.51473246691531,1.26051977423606,1.25421269267925,0.212132034355964
0.38,"Quadratic (1 factor)","Split",0.234398764412509,2.5843704160256,1.26199019106442,1.32238022496118,0.435889894354067
0.4,"Quadratic (1 factor)","Split",0.235433013349412,2.65393284739611,1.26338765962017,1.39054518777594,0.447213595499958
0.42,"Quadratic (1 factor)","Split",0.236413286690617,2.72342703685964,1.26471832216171,1.45870871469793,0.458257569495584
0.44,"Quadratic (1 factor)","Split",0.237335112078748,2.7928592992802,1.26597511151415,1.52688418776605,0.469041575982343
0.46,"Quadratic (1 factor)","Split",0.238217728108835,2.86223514446345,1.26718343322396,1.59505171123949,0.479583152331272
0.48,"Quadratic (1 factor)","Split",0.239058224119133,2.93155942342505,1.26833864954508,1.66322077387997,0.346410161513775
0.5,"Quadratic (1 factor)","Split",0.239894992285267,3.00083642188257,1.26949317880016,1.73134324308241,0.353553390593274
0.52,"Quadratic (1 factor)","Split",0.240626434506196,3.07006995302653,1.27050602608088,1.79956392694565,0.254950975679639
0.54,"Quadratic (1 factor)","Split",0.241366535464229,3.13926340447068,1.27153433457921,1.86772906989147,0.259807621135332
0.56,"Quadratic (1 factor)","Split",0.242097282183522,3.20841984278965,1.27255308509057,1.93586675769908,0.529150262212918
0.58,"Quadratic (1 factor)","Split",0.242767773827312,3.27754199409343,1.27349084996827,2.00405114412516,0.53851648071345
0.6,"Quadratic (1 factor)","Split",0.243410563014363,3.34663233453856,1.2743925903651,2.07223974417346,0.547722557505166
0.62,"Quadratic (1 factor)","Split",0.244027314240382,3.41569310058504,1.2752603155119,2.14043278507314,0.556776436283002
0.64,"Quadratic (1 factor)","Split",0.244619554138442,3.48472632161641,1.27609587808595,2.20863044353047,0.565685424949238
0.66,"Quadratic (1 factor)","Split",0.245188687811124,3.55373384387406,1.27690099247224,2.27683285140182,0.406201920231798
0.68,"Quadratic (1 factor)","Split",0.245736012384814,3.62271735103624,1.27767724982405,2.34504010121219,0.412310562561766
0.7,"Quadratic (1 factor)","Split",0.246262728394176,3.69167838200186,1.27842613064633,2.41325225135553,0.295803989154981
0.72,"Quadratic (1 factor)","Split",0.246769949457288,3.76061834632956,1.27914901544829,2.48146933088127,0.3
0.74,"Quadratic (1 factor)","Split",0.247258710585547,3.82953853769779,1.27984719387,2.54969134382779,0.608276253029822
0.76,"Quadratic (1 factor)","Split",0.247729975392505,3.89844014568532,1.2805218725919,2.61791827309342,0.616441400296898
0.78,"Quadratic (1 factor)","Split",0.248184642402427,3.96732426611847,1.2811741822592,2.68615008385928,0.62449979983984
0.8,"Quadratic (1 factor)","Split",0.248618460555228,4.036191910617,1.28179785848325,2.75439405213374,0.632455532033676
0.82,"Quadratic (1 factor)","Split",0.249042859131357,4.10504401301647,1.28240920351348,2.82263480950299,0.640312423743285
0.84,"Quadratic (1 factor)","Split",0.249452964710466,4.1738814388461,1.28300109977719,2.8908803390689,0.458257569495584
0.86,"Quadratic (1 factor)","Split",0.249851044700434,4.24270498984506,1.28357671403282,2.95912827581224,0.463680924774785
0.88,"Quadratic (1 factor)","Split",0.250234605034718,4.31151541149681,1.28413233640298,3.02738307509384,0.33166247903554
0.9,"Quadratic (1 factor)","Split",0.250605827410239,4.38031339578503,1.28467102558757,3.09564237019746,0.335410196624968
0.92,"Quadratic (1 factor)","Split",0.250965285555184,4.44909958725008,1.28519352583271,3.16390606141737,0.678232998312527
0.94,"Quadratic (1 factor)","Split",0.251313518871669,4.51787458667487,1.28570053945916,3.23217404721571,0.685565460040104
0.96,"Quadratic (1 factor)","Split",0.25165104706589,4.58663895473803,1.2861927474305,3.30044620730753,0.692820323027551
0.98,"Quadratic (1 factor)","Split",0.251978343509068,4.65539321531335,1.28667076984553,3.36872244546783,0.7
1,"Quadratic (1 factor)","Split",0.252295850751104,4.72413785844063,1.28713518782214,3.43700267061849,0.707106781186548
0,"Linear (2 factor)","Split",0.00014582772188295,0.833406261374738,0.833406261374738,0,0
0.004,"Linear (2 factor)","Split",0.170345893677122,1.01717505217645,0.941939399502855,0.0752356526735952,0.0316227766016838
0.008,"Linear (2 factor)","Split",0.206608995440462,1.07947415567126,0.972635178348024,0.106838977323231,0.0316227766016838
0.012,"Linear (2 factor)","Split",0.23042224358852,1.12789569323444,0.994626600559482,0.133269092674959,0.0387298334620742
0.016,"Linear (2 factor)","Split",0.248483120716761,1.1695526727141,1.01235697194152,0.157195700772574,0.0894427190999916
0.02,"Linear (2 factor)","Split",0.263123099662943,1.20706035676938,1.02743366704487,0.179626689724512,0.1
0.024,"Linear (2 factor)","Split",0.275499279529251,1.24171366626321,1.04069357815492,0.201020088108286,0.109544511501033
0.028,"Linear (2 factor)","Split",0.286224831368686,1.27426106419842,1.05258045821112,0.221680605987296,0.118321595661992
0.032,"Linear (2 factor)","Split",0.295713438297719,1.30517921395251,1.06341213543238,0.241767078520127,0.126491106406735
0.036,"Linear (2 factor)","Split",0.304249135281557,1.33479273053834,1.07341601733436,0.261376713203989,0.0948683298050514
0.04,"Linear (2 factor)","Split",0.311956663318182,1.36333383893218,1.0826657938941,0.280668045038079,0.1
0.044,"Linear (2 factor)","Split",0.319047485035234,1.39097510374247,1.09136067869512,0.299614425047348,0.0741619848709566
0.048,"Linear (2 factor)","Split",0.325567026292707,1.41784864784109,1.09951454755082,0.318334100290273,0.0774596669241483
0.052,"Linear (2 factor)","Split",0.331639821892762,1.44405813572925,1.10724940439544,0.336808731333808,0.161245154965971
0.056,"Linear (2 factor)","Split",0.337318576799667,1.46968657452149,1.11460612838595,0.355080446135534,0.167332005306815
0.06,"Linear (2 factor)","Split",0.342651580180379,1.49480157777277,1.121625316937,0.373176260835774,0.173205080756888
0.064,"Linear (2 factor)","Split",0.347678653576618,1.519459031007,1.12834094933438,0.391118081672614,0.178885438199983
0.068,"Linear (2 factor)","Split",0.352425556049623,1.54370571401202,1.1347715899999,0.408934124012123,0.184390889145858
0.072,"Linear (2 factor)","Split",0.356939255965186,1.56758122266071,1.14096758983287,0.426613632827836,0.134164078649987
0.076,"Linear (2 factor)","Split",0.361226301917016,1.59111939824733,1.14692652789527,0.444192870352057,0.137840487520902
0.08,"Linear (2 factor)","Split",0.365312220896576,1.61434941907657,1.15267365889866,0.461675760177908,0.1
0.084,"Linear (2 factor)","Split",0.369213575304946,1.63729663820805,1.15822340766493,0.479073230543127,0.102469507659596
0.088,"Linear (2 factor)","Split",0.372953119746283,1.6599832407767,1.16360046444398,0.496382776332714,0.20976176963403
0.092,"Linear (2 factor)","Split",0.376550980319293,1.68242876024602,1.16882727914395,0.51360148110207,0.214476105895272
0.096,"Linear (2 factor)","Split",0.380012656250595,1.7046504957866,1.17390608450105,0.530744411285548,0.219089023002066
0.1,"Linear (2 factor)","Split",0.383323700690923,1.72666384536761,1.17880989616622,0.547853949201393,0.223606797749979
0.104,"Linear (2 factor)","Split",0.386558160708179,1.74848259277146,1.18364396141491,0.564838631356552,0.228035085019828
0.108,"Linear (2 factor)","Split",0.389637433606126,1.77011910630029,1.18828641188967,0.581832694410613,0.16431676725155
0.112,"Linear (2 factor)","Split",0.392634616122115,1.79158456461054,1.19284305359549,0.598741511015043,0.167332005306815
0.116,"Linear (2 factor)","Split",0.395535973664879,1.81288907912992,1.19728983791799,0.615599241211931,0.120415945787923
0.12,"Linear (2 factor)","Split",0.398347532080938,1.83404184245563,1.20163275711185,0.632409085343779,0.122474487139159
0.124,"Linear (2 factor)","Split",0.401074742864304,1.85505123646041,1.20587726599486,0.649173970465552,0.248997991959775
0.128,"Linear (2 factor)","Split",0.403763250609179,1.87592492660556,1.21009237907452,0.665832547531041,0.25298221281347
0.132,"Linear (2 factor)","Split",0.406332516793951,1.89666993947793,1.2141492510996,0.682520688378324,0.256904651573303
0.136,"Linear (2 factor)","Split",0.408850547775459,1.91729275016723,1.21815253205438,0.699140218112851,0.260768096208106
0.14,"Linear (2 factor)","Split",0.411296706622513,1.93779931423024,1.22206750974901,0.71573180448123,0.264575131106459
0.144,"Linear (2 factor)","Split",0.413680478984208,1.95819514252582,1.22590732184574,0.732287820680072,0.189736659610103
0.148,"Linear (2 factor)","Split",0.416005067247796,1.97848533809438,1.22967531964753,0.748810018446845,0.192353840616713
0.152,"Linear (2 factor)","Split",0.418273424600009,1.99867463748342,1.23337460998193,0.765300027501494,0.137840487520902
0.156,"Linear (2 factor)","Split",0.420488280390685,2.0187674458472,1.23700807894412,0.78175936690308,0.139642400437689
0.16,"Linear (2 factor)","Split",0.422652162354177,2.03876786788361,1.2405784128164,0.798189455067216,0.282842712474619
0.164,"Linear (2 factor)","Split",0.424767416140198,2.05867973519266,1.24408811655294,0.814591618639718,0.286356421265527
0.168,"Linear (2 factor)","Split",0.426805454124614,2.07850663050243,1.24748806271278,0.831018567789652,0.289827534923789
0.172,"Linear (2 factor)","Split",0.42883735372064,2.09825190908766,1.25089573206565,0.847356177022009,0.293257565972304
0.176,"Linear (2 factor)","Split",0.430828191001527,2.11791871914127,1.25425195407556,0.863666765065708,0.296647939483827
0.18,"Linear (2 factor)","Split",0.43277697775158,2.13751001760541,1.25755400149502,0.879956016110389,0.212132034355964
0.184,"Linear (2 factor)","Split",0.434688061344951,2.15702858544488,1.260808239827,0.896220345617877,0.214476105895272
0.188,"Linear (2 factor)","Split",0.436562056840079,2.17647704261976,1.26401479437202,0.912462248247742,0.153297097167559
0.192,"Linear (2 factor)","Split",0.438400394003065,2.19585786009094,1.26717522948494,0.928682630605992,0.154919333848297
0.196,"Linear (2 factor)","Split",0.440204417119619,2.21517337125402,1.27029102177756,0.944882349476466,0.313049516849971
0.2,"Linear (2 factor)","Split",0.441975391783984,2.23442578219572,1.27336356681817,0.961062215377549,0.316227766016838
0.22,"Linear (2 factor)","Split",0.450370480277289,2.32981073966946,1.2881151353049,1.04169560436456,0.33166247903554
0.24,"Linear (2 factor)","Split",0.458127253408772,2.42389005509427,1.30201883130995,1.12187122378431,0.346410161513775
0.26,"Linear (2 factor)","Split",0.465337967162082,2.51683953158488,1.31517900727322,1.20166052431167,0.360555127546399
0.28,"Linear (2 factor)","Split",0.472123097442589,2.60879926347158,1.32776854337295,1.28103072009863,0.264575131106459
0.3,"Linear (2 factor)","Split",0.478464805654952,2.69988281454641,1.33971483916499,1.36016797538143,0.273861278752583
0.32,"Linear (2 factor)","Split",0.484474633528257,2.79018361131356,1.35119472861646,1.4389888826971,0.2
0.34,"Linear (2 factor)","Split",0.490185975053694,2.87977946167312,1.36224626609165,1.51753319558147,0.206155281280883
0.36,"Linear (2 factor)","Split",0.495632361249373,2.9687358836245,1.37291241155399,1.59582347207051,0.424264068711929
0.38,"Linear (2 factor)","Split",0.499940046492865,3.0571172121676,1.38143551941795,1.67568169274965,0.435889894354067
0.4,"Linear (2 factor)","Split",0.499958462232881,3.14530869677767,1.38147212002054,1.76383657675714,0.447213595499958
0.42,"Linear (2 factor)","Split",0.499944594642169,3.23350371259981,1.38144455856761,1.8520591540322,0.458257569495584
0.44,"Linear (2 factor)","Split",0.499924406729598,3.32170378468944,1.38140443705571,1.94029934763373,0.469041575982343
0.46,"Linear (2 factor)","Split",0.499949280518785,3.40988823177454,1.38145387152978,2.02843436024476,0.339116499156263
0.48,"Linear (2 factor)","Split",0.499939437872583,3.49808641151424,1.38143430983132,2.11665210168293,0.346410161513775
0.5,"Linear (2 factor)","Split",0.499922575683736,3.58629125482408,1.38140079811267,2.20489045671141,0.25
0.52,"Linear (2 factor)","Split",0.499926319136905,3.67448403380977,1.38140823770768,2.29307579610209,0.254950975679639
0.54,"Linear (2 factor)","Split",0.499929809640359,3.76267624102926,1.38141517465178,2.38126106637748,0.519615242270663
0.56,"Linear (2 factor)","Split",0.4999330719967,3.85086793253657,1.38142165822674,2.46944627430982,0.529150262212918
0.58,"Linear (2 factor)","Split",0.499937350273042,3.93905784328891,1.38143016089712,2.5576276823918,0.53851648071345
0.6,"Linear (2 factor)","Split",0.499941991426361,4.02724642269773,1.38143938483588,2.64580703786185,0.547722557505166
0.62,"Linear (2 factor)","Split",0.499946356316441,4.11543437783358,1.38144805980288,2.7339863180307,0.556776436283002
0.64,"Linear (2 factor)","Split",0.499950468898735,4.20362176281966,1.38145623339402,2.82216552942563,0.4
0.66,"Linear (2 factor)","Split",0.499954350436663,4.29180862569797,1.38146394785727,2.9103446778407,0.406201920231798
0.68,"Linear (2 factor)","Split",0.49995801986946,4.37999500926025,1.38147124082333,2.99852376843692,0.291547594742265
0.7,"Linear (2 factor)","Split",0.499920796567731,4.46825047809037,1.38139726238597,3.0868532157044,0.295803989154981
0.72,"Linear (2 factor)","Split",0.499924090808744,4.55644030644125,1.381403809207,3.17503649723425,0.6
0.74,"Linear (2 factor)","Split",0.499927218676673,4.64462975882017,1.381410025427,3.26321973339318,0.608276253029822
0.76,"Linear (2 factor)","Split",0.499930192465475,4.73281886300537,1.3814159354724,3.35140292753297,0.616441400296898
0.78,"Linear (2 factor)","Split",0.49995713693712,4.82095626772064,1.38146948599788,3.43948678172275,0.62449979983984
0.8,"Linear (2 factor)","Split",0.49995720604134,4.90914808198559,1.3814696233422,3.52767845864339,0.632455532033676
0.82,"Linear (2 factor)","Split",0.499957271802216,4.99733988948639,1.38146975404166,3.61587013544472,0.452769256906871
0.84,"Linear (2 factor)","Split",0.499957334456651,5.08553169070231,1.3814698785671,3.70406181213522,0.458257569495584
0.86,"Linear (2 factor)","Split",0.499957394219681,5.17372348606844,1.38146999734589,3.79225348872255,0.3278719262151
0.88,"Linear (2 factor)","Split",0.499957451286943,5.26191527598057,1.38147011076687,3.88044516521369,0.33166247903554
0.9,"Linear (2 factor)","Split",0.499957505836812,5.35010706079957,1.38147021918456,3.96863684161501,0.670820393249937
0.92,"Linear (2 factor)","Split",0.499957558032268,5.43829884085519,1.38147032292286,4.05682851793232,0.678232998312527
0.94,"Linear (2 factor)","Split",0.499957608022518,5.5264906164493,1.38147042227834,4.14502019417096,0.685565460040104
0.96,"Linear (2 factor)","Split",0.499957655944423,5.61468238785878,1.381470517523,4.23321187033579,0.692820323027551
0.98,"Linear (2 factor)","Split",0.499957701923747,5.70287415533809,1.38147060890679,4.32140354643131,0.7
1,"Linear (2 factor)","Split",0.499957746076262,5.79106591912146,1.38147069665981,4.40959522246165,0.5
0,"Linear (2 factor)","Retain",0.000166100350655761,0.833388709315922,0.833388709315922,0,0
0.004,"Linear (2 factor)","Retain",0.242956690007997,1.01439347373462,0.93826807187948,0.0761254018551409,0.0223606797749979
0.008,"Linear (2 factor)","Retain",0.293961037746176,1.07799218298326,0.968003291777236,0.109988891206024,0.0316227766016838
0.012,"Linear (2 factor)","Retain",0.327337433165405,1.12814446009248,0.989338910610593,0.138805549481891,0.0774596669241483
0.016,"Linear (2 factor)","Retain",0.352569715495069,1.17173236342032,1.00655163188468,0.165180731535642,0.0894427190999916
0.02,"Linear (2 factor)","Retain",0.3730213767218,1.21128639923466,1.021236578119,0.19004982111566,0.1
0.024,"Linear (2 factor)","Retain",0.390251392244316,1.24806022976669,1.03414723586504,0.213912993901652,0.109544511501033
0.028,"Linear (2 factor)","Retain",0.40516980774317,1.28277917912224,1.04574317216722,0.23703600695502,0.118321595661992
0.032,"Linear (2 factor)","Retain",0.418380818908353,1.31590576564778,1.05634894948018,0.259556816167608,0.0894427190999916
0.036,"Linear (2 factor)","Retain",0.430204643790527,1.34775545007828,1.06611950503883,0.28163594503945,0.0948683298050514
0.04,"Linear (2 factor)","Retain",0.440922536398663,1.37855429083563,1.0752110201241,0.303343270711532,0.0707106781186548
0.044,"Linear (2 factor)","Retain",0.450726833144554,1.40847055023058,1.08372910080438,0.324741449426202,0.0741619848709566
0.048,"Linear (2 factor)","Retain",0.459762765387429,1.43763329549168,1.09175489472274,0.345878400768937,0.154919333848297
0.052,"Linear (2 factor)","Retain",0.468183465098106,1.46614397821394,1.09938949867548,0.366754479538454,0.161245154965971
0.056,"Linear (2 factor)","Retain",0.475996433467999,1.4940839780773,1.10661029993963,0.387473678137673,0.167332005306815
0.06,"Linear (2 factor)","Retain",0.483313918684133,1.52151969600011,1.1134956350279,0.408024060972215,0.173205080756888
0.064,"Linear (2 factor)","Retain",0.490159274024404,1.54850610766039,1.12004622297113,0.428459884689265,0.178885438199983
0.068,"Linear (2 factor)","Retain",0.496649382090505,1.57508930792241,1.12635656090558,0.448732747016835,0.130384048104053
0.072,"Linear (2 factor)","Retain",0.502790419005269,1.60130837215844,1.13241853636615,0.468889835792281,0.134164078649987
0.076,"Linear (2 factor)","Retain",0.508617056112039,1.6271967481526,1.13825346842007,0.488943279732532,0.0974679434480896
0.08,"Linear (2 factor)","Retain",0.514158958862641,1.65278331377896,1.14387981561898,0.508903498159981,0.1
0.084,"Linear (2 factor)","Retain",0.519441717034647,1.67809319362301,1.14931368414537,0.528779509477635,0.204939015319192
0.088,"Linear (2 factor)","Retain",0.524487566942913,1.70314839821485,1.15456922586398,0.548579172350863,0.20976176963403
0.092,"Linear (2 factor)","Retain",0.529315959338925,1.72796833064663,1.15965895402909,0.568309376617543,0.214476105895272
0.096,"Linear (2 factor)","Retain",0.533984709196232,1.75257019241714,1.16463764176406,0.587932550653078,0.219089023002066
0.1,"Linear (2 factor)","Retain",0.538427566615662,1.77696931244277,1.16942842278575,0.607540889657022,0.223606797749979
0.104,"Linear (2 factor)","Retain",0.542698699619119,1.80117941598872,1.17408338859701,0.627096027391717,0.161245154965971
0.108,"Linear (2 factor)","Retain",0.546810143280505,1.82521284541242,1.17861060122316,0.646602244189264,0.16431676725155
0.112,"Linear (2 factor)","Retain",0.550755235924403,1.84908074316751,1.18299785113388,0.66608289203363,0.118321595661992
0.116,"Linear (2 factor)","Retain",0.554579959619154,1.87279321034493,1.18729212163159,0.685501088713344,0.120415945787923
0.12,"Linear (2 factor)","Retain",0.558274294886901,1.89635942887749,1.19147864673067,0.704880782146819,0.244948974278318
0.124,"Linear (2 factor)","Retain",0.561846208905762,1.91978777637186,1.19556295512916,0.724224821242704,0.248997991959775
0.128,"Linear (2 factor)","Retain",0.565302955685869,1.94308591833199,1.1995501253356,0.743535792996393,0.25298221281347
0.132,"Linear (2 factor)","Retain",0.56865115958145,1.96626088829945,1.20344483545916,0.762816052840292,0.256904651573303
0.136,"Linear (2 factor)","Retain",0.571896886839182,1.9893191568589,1.20725140614165,0.782067750717256,0.260768096208106
0.14,"Linear (2 factor)","Retain",0.575045707186657,2.01226669133443,1.21097383774308,0.801292853591349,0.187082869338697
0.144,"Linear (2 factor)","Retain",0.578102747095435,2.0351090076601,1.2146158427013,0.820493164958799,0.189736659610103
0.148,"Linear (2 factor)","Retain",0.581072736034032,2.05785121563729,1.21818087380114,0.839670341836153,0.136014705087354
0.152,"Linear (2 factor)","Retain",0.583960046799,2.08049805857598,1.22167214897165,0.858825909604331,0.137840487520902
0.156,"Linear (2 factor)","Retain",0.586768730815814,2.10305394814489,1.2250926731184,0.877961275026491,0.279284800875379
0.16,"Linear (2 factor)","Retain",0.58950254914488,2.12552299511614,1.22844525740877,0.897077737707375,0.282842712474619
0.164,"Linear (2 factor)","Retain",0.592164996944446,2.14790903657756,1.23173253281657,0.916176503760986,0.286356421265527
0.168,"Linear (2 factor)","Retain",0.594759328603365,2.17021566009363,1.23495696641287,0.935258693680764,0.289827534923789
0.172,"Linear (2 factor)","Retain",0.597288597156738,2.19244622522103,1.23812089741739,0.954325327803642,0.293257565972304
0.176,"Linear (2 factor)","Retain",0.599747916116208,2.21460388309867,1.2412167544824,0.973387128616266,0.20976176963403
0.18,"Linear (2 factor)","Retain",0.602148619344768,2.23669159305846,1.24425744090079,0.992434152157674,0.212132034355964
0.184,"Linear (2 factor)","Retain",0.60453387337831,2.25871213782444,1.24729691022432,1.01141522760011,0.151657508881031
0.188,"Linear (2 factor)","Retain",0.606824545653179,2.28066813576368,1.25023319974712,1.03043493601656,0.153297097167559
0.192,"Linear (2 factor)","Retain",0.60906346669901,2.30256206051653,1.2531196904052,1.04944237011133,0.309838667696593
0.196,"Linear (2 factor)","Retain",0.611252644339352,2.32439624466381,1.25595796849483,1.06843827616898,0.313049516849971
0.2,"Linear (2 factor)","Retain",0.613395671207403,2.34617289281638,1.25875176084304,1.08742113197333,0.316227766016838
0.22,"Linear (2 factor)","Retain",0.623442178290246,2.45426238921549,1.27205455798506,1.18220783123043,0.33166247903554
0.24,"Linear (2 factor)","Retain",0.632525626923515,2.56118469969184,1.28438026855028,1.27680443114156,0.346410161513775
0.26,"Linear (2 factor)","Retain",0.640778484408517,2.66711472551225,1.29583149126593,1.37128323424632,0.254950975679639
0.28,"Linear (2 factor)","Retain",0.648331566807912,2.77219139875771,1.30652807385349,1.46566332490422,0.264575131106459
0.3,"Linear (2 factor)","Retain",0.655279598522959,2.87652695095148,1.31655479924367,1.55997215170781,0.193649167310371
0.32,"Linear (2 factor)","Retain",0.661699833580217,2.9802133573621,1.32598273532793,1.65423062203417,0.2
0.34,"Linear (2 factor)","Retain",0.667655953715573,3.08332693604192,1.33487193043864,1.74845500560328,0.412310562561766
0.36,"Linear (2 factor)","Retain",0.673201073327457,3.18593170510817,1.34327366469248,1.84265804041568,0.424264068711929
0.38,"Linear (2 factor)","Retain",0.678379952424419,3.2880818821274,1.3512321382444,1.936849743883,0.435889894354067
0.4,"Linear (2 factor)","Retain",0.683230656655738,3.38982377718138,1.35878576041518,2.0310380167662,0.447213595499958
0.42,"Linear (2 factor)","Retain",0.687785823057709,3.49119724875464,1.36596814993621,2.12522909881843,0.458257569495584
0.44,"Linear (2 factor)","Retain",0.692073882108796,3.59223683874662,1.37280931179206,2.21942752695456,0.33166247903554
0.46,"Linear (2 factor)","Retain",0.696129132117172,3.69297266938203,1.37935138131486,2.31362128806718,0.339116499156263
0.48,"Linear (2 factor)","Retain",0.699952794782709,3.79343115364945,1.38558511144812,2.40784604220133,0.244948974278318
0.5,"Linear (2 factor)","Retain",0.70356328997775,3.89363557540757,1.39153019807223,2.50210537733533,0.25
0.52,"Linear (2 factor)","Retain",0.706998638724762,3.99360656140407,1.3972406248811,2.59636593652296,0.509901951359279
0.54,"Linear (2 factor)","Retain",0.710263000810479,4.09336245623191,1.4027159375324,2.6906465186995,0.519615242270663
0.56,"Linear (2 factor)","Retain",0.71336955092934,4.19291964628083,1.40797147723052,2.78494816905031,0.529150262212918
0.58,"Linear (2 factor)","Retain",0.716330080766702,4.29229282254944,1.41302117990531,2.87927164264414,0.53851648071345
0.6,"Linear (2 factor)","Retain",0.719155182651093,4.39149520208475,1.4178777440358,2.97361745804894,0.547722557505166
0.62,"Linear (2 factor)","Retain",0.721854403834329,4.49053871462642,1.42255277369729,3.06798594092914,0.393700393700591
0.64,"Linear (2 factor)","Retain",0.724436376863314,4.58943416081295,1.42705690117326,3.16237725963968,0.4
0.66,"Linear (2 factor)","Retain",0.726908930356446,4.68819134698995,1.43139989260098,3.25679145438896,0.287228132326901
0.68,"Linear (2 factor)","Retain",0.729279183614592,4.78681920064749,1.43559073944054,3.35122846120695,0.291547594742265
0.7,"Linear (2 factor)","Retain",0.731553627812235,4.88532586972649,1.43963773802387,3.44568813170262,0.591607978309962
0.72,"Linear (2 factor)","Retain",0.733738195989991,4.98371880841889,1.44354855903526,3.54017024938363,0.6
0.74,"Linear (2 factor)","Retain",0.735838323646045,5.08200485160113,1.44733030843251,3.63467454316862,0.608276253029822
0.76,"Linear (2 factor)","Retain",0.737859001399461,5.18019027965503,1.45098958106308,3.72920069859195,0.616441400296898
0.78,"Linear (2 factor)","Retain",0.739804692187148,5.27828087511192,1.45453227296661,3.82374860214531,0.62449979983984
0.8,"Linear (2 factor)","Retain",0.741676318997162,5.37628197237572,1.45795801571117,3.91832395666455,0.447213595499958
0.82,"Linear (2 factor)","Retain",0.743487699282208,5.47419850142474,1.46129031208524,4.01290818933949,0.452769256906871
0.84,"Linear (2 factor)","Retain",0.745235920047949,5.57203502631826,1.46452220941749,4.10751281690078,0.324037034920393
0.86,"Linear (2 factor)","Retain",0.7469243325448,5.66979577943934,1.46765835316391,4.20213742627543,0.3278719262151
0.88,"Linear (2 factor)","Retain",0.748556048325204,5.76748469180111,1.47070309515291,4.29678159664819,0.66332495807108
0.9,"Linear (2 factor)","Retain",0.750133960830785,5.86510542003133,1.47366051732676,4.39144490270457,0.670820393249937
0.92,"Linear (2 factor)","Retain",0.751660764634488,5.96266137044989,1.47653445312604,4.48612691732385,0.678232998312527
0.94,"Linear (2 factor)","Retain",0.753138972640508,6.06015572060459,1.47932850680492,4.58082721379967,0.685565460040104
0.96,"Linear (2 factor)","Retain",0.754570931492626,6.157591438578,1.48204607090994,4.67554536766806,0.692820323027551
0.98,"Linear (2 factor)","Retain",0.755958835409423,6.25497130033454,1.48469034213056,4.77028095820398,0.494974746830583
1,"Linear (2 factor)","Retain",0.757304738634096,6.35229790533972,1.48726433570147,4.86503356963825,0.5
0,"Quadratic (3 factor)","Split",0.000178470061194329,3.91811963633003,3.91811963633003,0,0
0.004,"Quadratic (3 factor)","Split",0.189475593573952,5.49350035952743,4.88353627967192,0.609964079855515,0.0223606797749979
0.008,"Quadratic (3 factor)","Split",0.221629141396087,5.99915571791159,5.13116550863794,0.867990209273643,0.0632455532033676
0.012,"Quadratic (3 factor)","Split",0.242463089225085,6.39271346119946,5.30968115592709,1.08303230527237,0.0774596669241483
0.016,"Quadratic (3 factor)","Split",0.258148933373821,6.73121622307803,5.45447036003775,1.27674586304029,0.0894427190999916
0.02,"Quadratic (3 factor)","Split",0.270844982415916,7.03567840611644,5.57870019799503,1.45697820812141,0.1
0.024,"Quadratic (3 factor)","Split",0.28155025884922,7.31654238576471,5.68864514411877,1.62789724164594,0.109544511501033
0.028,"Quadratic (3 factor)","Split",0.290841671828437,7.57986923308198,5.78812133325015,1.79174789983183,0.0836660026534076
0.032,"Quadratic (3 factor)","Split",0.299022879697228,7.82953638349718,5.87896814691281,1.95056823658437,0.0894427190999916
0.036,"Quadratic (3 factor)","Split",0.306390038518808,8.06819654264536,5.96348841417738,2.10470812846797,0.0670820393249937
0.04,"Quadratic (3 factor)","Split",0.313082820670312,8.2977564365565,6.04257965743153,2.25517677912496,0.0707106781186548
0.044,"Quadratic (3 factor)","Split",0.319209892516031,8.51963936551204,6.11697437102891,2.40266499448313,0.148323969741913
0.048,"Quadratic (3 factor)","Split",0.324861975049006,8.734940069043,6.18733739900997,2.54760267003303,0.154919333848297
0.052,"Quadratic (3 factor)","Split",0.330105090094647,8.94452133868235,6.25413922349438,2.69038211518797,0.161245154965971
0.056,"Quadratic (3 factor)","Split",0.33498232478228,9.14907703449283,6.31763515660368,2.83144187788916,0.167332005306815
0.06,"Quadratic (3 factor)","Split",0.339583044629961,9.34917474132906,6.37875744196002,2.97041729936904,0.173205080756888
0.064,"Quadratic (3 factor)","Split",0.34388965888146,9.5452854904648,6.4370753240691,3.1082101663957,0.126491106406735
0.068,"Quadratic (3 factor)","Split",0.347977717584865,9.73780512160603,6.49344118299459,3.24436393861144,0.130384048104053
0.072,"Quadratic (3 factor)","Split",0.351867073996433,9.92707001830978,6.5479965240636,3.37907349424618,0.0948683298050514
0.076,"Quadratic (3 factor)","Split",0.355527848883126,10.1133686652811,6.60018906228006,3.51317960300107,0.0974679434480896
0.08,"Quadratic (3 factor)","Split",0.359029026305546,10.2969507828259,6.65088525946038,3.64606552336551,0.2
0.084,"Quadratic (3 factor)","Split",0.362370779656528,10.4780340302699,6.69999576609499,3.7780382641749,0.204939015319192
0.088,"Quadratic (3 factor)","Split",0.365566579150396,10.6568095071268,6.74763255529261,3.90917695183424,0.20976176963403
0.092,"Quadratic (3 factor)","Split",0.368668901595537,10.8334460124058,6.79451367102547,4.03893234138034,0.214476105895272
0.096,"Quadratic (3 factor)","Split",0.371606724616699,11.0080934601661,6.8394969185526,4.16859654161354,0.219089023002066
0.1,"Quadratic (3 factor)","Split",0.374438653709449,11.1808858149905,6.88340810737993,4.29747770761056,0.158113883008419
0.104,"Quadratic (3 factor)","Split",0.37716640066508,11.3519431778229,6.92622094148893,4.42572223633401,0.161245154965971
0.108,"Quadratic (3 factor)","Split",0.379796063812593,11.5213737789317,6.96798119001651,4.55339258891518,0.116189500386222
0.112,"Quadratic (3 factor)","Split",0.382334176520247,11.6892755277677,7.00874681355645,4.68052871421127,0.118321595661992
0.116,"Quadratic (3 factor)","Split",0.384786360770504,11.8557373218361,7.04856619642161,4.80717112541445,0.240831891575846
0.12,"Quadratic (3 factor)","Split",0.387145698165839,12.0208401539556,7.08728534236707,4.93355481158855,0.244948974278318
0.124,"Quadratic (3 factor)","Split",0.389459742021712,12.1846580615923,7.12565394201836,5.05900411957395,0.248997991959775
0.128,"Quadratic (3 factor)","Split",0.391678570084011,12.3472588788473,7.16281328741666,5.18444559143065,0.25298221281347
0.132,"Quadratic (3 factor)","Split",0.393842820945855,12.5087050105826,7.19941102119054,5.30929398939209,0.256904651573303
0.136,"Quadratic (3 factor)","Split",0.395943919088204,12.6690539402254,7.23527739359261,5.43377654663276,0.184390889145858
0.14,"Quadratic (3 factor)","Split",0.397985213721095,12.8283587847666,7.27044382117523,5.5579149635914,0.187082869338697
0.144,"Quadratic (3 factor)","Split",0.39996979004226,12.9866687322629,7.30493948565056,5.68172924661238,0.134164078649987
0.148,"Quadratic (3 factor)","Split",0.401900496744971,13.1440294313416,7.33879155416188,5.80523787717974,0.136014705087354
0.152,"Quadratic (3 factor)","Split",0.403779969991646,13.3004833327194,7.37202537222609,5.92845796049333,0.275680975041804
0.156,"Quadratic (3 factor)","Split",0.405621837693704,13.4560700137179,7.40486483878286,6.05120517493501,0.279284800875379
0.16,"Quadratic (3 factor)","Split",0.407375222118913,13.6108263673647,7.43637788381285,6.1744484835519,0.282842712474619
0.164,"Quadratic (3 factor)","Split",0.409154431724687,13.7647869037327,7.46860779996835,6.29617910376431,0.286356421265527
0.168,"Quadratic (3 factor)","Split",0.410850776516453,13.9179839585973,7.49957580601945,6.41840815257785,0.289827534923789
0.172,"Quadratic (3 factor)","Split",0.412506795627586,14.0704478860144,7.53003480289645,6.54041308311798,0.207364413533277
0.176,"Quadratic (3 factor)","Split",0.41412421228258,14.2222071853891,7.56000226518062,6.66220492020846,0.20976176963403
0.18,"Quadratic (3 factor)","Split",0.415704640281432,14.3732886700255,7.58949467561373,6.78379399441182,0.15
0.184,"Quadratic (3 factor)","Split",0.417253075204179,14.5237175980044,7.6185932648881,6.90512433311627,0.151657508881031
0.188,"Quadratic (3 factor)","Split",0.418769572827032,14.6735177929318,7.64728816981878,7.02622962311298,0.306594194335118
0.192,"Quadratic (3 factor)","Split",0.420253709962142,14.8227117607882,7.67556048018881,7.14715128059943,0.309838667696593
0.196,"Quadratic (3 factor)","Split",0.421706744742887,14.97132078356,7.70342350580859,7.26789727775138,0.313049516849971
0.2,"Quadratic (3 factor)","Split",0.42312986287243,15.1193650089482,7.73088987313972,7.38847513580849,0.316227766016838
0.22,"Quadratic (3 factor)","Split",0.429833785573793,15.8517496020251,7.86267167973248,7.98907792229265,0.33166247903554
0.24,"Quadratic (3 factor)","Split",0.43593434318184,16.5725081569591,7.9861119283971,8.58639622856196,0.244948974278318
0.26,"Quadratic (3 factor)","Split",0.441523701158817,17.2832628426668,8.10224653220198,9.18101631046478,0.254950975679639
0.28,"Quadratic (3 factor)","Split",0.44671508749901,17.9853130492688,8.21279149265791,9.77252155661087,0.187082869338697
0.3,"Quadratic (3 factor)","Split",0.451485246584084,18.6797170970184,8.31670395266384,10.3630131443545,0.193649167310371
0.32,"Quadratic (3 factor)","Split",0.453429369302728,19.3683666732288,8.35970987957576,11.008656793653,0.4
0.34,"Quadratic (3 factor)","Split",0.453429926875478,20.0564064635941,8.3597222687249,11.6966841948692,0.412310562561766
0.36,"Quadratic (3 factor)","Split",0.453418747485058,20.7444880766749,8.35947387107594,12.3850142055989,0.424264068711929
0.38,"Quadratic (3 factor)","Split",0.453456815711077,21.4323489341954,8.36031977061417,13.0720291635813,0.435889894354067
0.4,"Quadratic (3 factor)","Split",0.45342878306788,22.1205347280914,8.359696853595,13.7608378744964,0.447213595499958
0.42,"Quadratic (3 factor)","Split",0.453432329868303,22.8085481848349,8.35977566308231,14.4487725217526,0.324037034920393
0.44,"Quadratic (3 factor)","Split",0.453436464211639,23.4965458775371,8.35986752932272,15.1366783482144,0.33166247903554
0.46,"Quadratic (3 factor)","Split",0.45344130278043,24.1845240010384,8.35997504585876,15.8245489551796,0.239791576165636
0.48,"Quadratic (3 factor)","Split",0.453445768685009,24.8724927972818,8.36007428364183,16.51241851364,0.244948974278318
0.5,"Quadratic (3 factor)","Split",0.453449903391202,25.560453303596,8.36016616361044,17.2002871399856,0.5
0.52,"Quadratic (3 factor)","Split",0.453453742431819,26.2484064089588,8.36025147496454,17.8881549339942,0.509901951359279
0.54,"Quadratic (3 factor)","Split",0.453457316431356,26.9363528796061,8.36033089791313,18.576021981693,0.519615242270663
0.56,"Quadratic (3 factor)","Split",0.453419955064711,27.6250296640864,8.35950070197399,19.2655289621124,0.529150262212918
0.58,"Quadratic (3 factor)","Split",0.45342307516026,28.3130232989365,8.3595700272533,19.9534532716832,0.53851648071345
0.6,"Quadratic (3 factor)","Split",0.453426000072546,29.0010120477461,8.35963501666472,20.6413770310814,0.387298334620742
0.62,"Quadratic (3 factor)","Split",0.453428747563513,29.6889963549815,8.35969606469863,21.3293002902829,0.393700393700591
0.64,"Quadratic (3 factor)","Split",0.453431333303128,30.3769766127807,8.35975351939203,22.0172230933887,0.282842712474619
0.66,"Quadratic (3 factor)","Split",0.453433771168601,31.0649531684347,8.35980768897152,22.7051454794632,0.287228132326901
0.68,"Quadratic (3 factor)","Split",0.453437261600272,31.7528945695381,8.35988524771686,23.3930093218213,0.58309518948453
0.7,"Quadratic (3 factor)","Split",0.453421529938806,32.4413675216659,8.35953569391502,24.0818318277508,0.591607978309962
0.72,"Quadratic (3 factor)","Split",0.453421529938806,33.1294198596016,8.35953569391502,24.7698841656866,0.6
0.74,"Quadratic (3 factor)","Split",0.453421529938806,33.8174721975373,8.35953569391502,25.4579365036223,0.608276253029822
0.76,"Quadratic (3 factor)","Split",0.453421529938806,34.5055245354731,8.35953569391502,26.1459888415581,0.616441400296898
0.78,"Quadratic (3 factor)","Split",0.453421529938806,35.1935768734088,8.35953569391502,26.8340411794938,0.441588043316392
0.8,"Quadratic (3 factor)","Split",0.453421529938806,35.8816292113445,8.35953569391502,27.5220935174295,0.447213595499958
0.82,"Quadratic (3 factor)","Split",0.453421529938806,36.5696815492803,8.35953569391502,28.2101458553653,0.320156211871642
0.84,"Quadratic (3 factor)","Split",0.453421529938806,37.257733887216,8.35953569391502,28.898198193301,0.324037034920393
0.86,"Quadratic (3 factor)","Split",0.453421529938806,37.9457862251518,8.35953569391502,29.5862505312367,0.6557438524302
0.88,"Quadratic (3 factor)","Split",0.453421529938806,38.6338385630875,8.35953569391502,30.2743028691725,0.66332495807108
0.9,"Quadratic (3 factor)","Split",0.453421529938806,39.3218909010232,8.35953569391502,30.9623552071082,0.670820393249937
0.92,"Quadratic (3 factor)","Split",0.453421529938806,40.009943238959,8.35953569391502,31.650407545044,0.678232998312527
0.94,"Quadratic (3 factor)","Split",0.453421529938806,40.6979955768947,8.35953569391502,32.3384598829797,0.685565460040104
0.96,"Quadratic (3 factor)","Split",0.453421529938806,41.3860479148304,8.35953569391502,33.0265122209154,0.489897948556636
0.98,"Quadratic (3 factor)","Split",0.453421529938806,42.0741002527662,8.35953569391502,33.7145645588512,0.494974746830583
1,"Quadratic (3 factor)","Split",0.453421529938806,42.7621525907019,8.35953569391502,34.4026168967869,0.353553390593274
0,"Quadratic (3 factor)","Retain",0.000160538694759279,3.9180573166502,3.9180573166502,0,0
0.004,"Quadratic (3 factor)","Retain",0.222131355437998,5.7032922665896,5.13163624049353,0.571656026096074,0.0447213595499958
0.008,"Quadratic (3 factor)","Retain",0.254438243977126,6.15502354745292,5.41472165301941,0.740301894433509,0.0632455532033676
0.012,"Quadratic (3 factor)","Retain",0.274890891557013,6.47976815084187,5.6143473829141,0.865420767927773,0.0774596669241483
0.016,"Quadratic (3 factor)","Retain",0.27834302895986,6.75804442191937,5.64974086205795,1.10830355986142,0.0894427190999916
0.02,"Quadratic (3 factor)","Retain",0.278350731530535,7.03512893078465,5.64982040279574,1.38530852798891,0.1
0.024,"Quadratic (3 factor)","Retain",0.281828152448462,7.31103549239012,5.68599166589234,1.62504382649779,0.0774596669241483
0.028,"Quadratic (3 factor)","Retain",0.291041181169509,7.57399590814519,5.78439733748866,1.78959857065653,0.0836660026534076
0.032,"Quadratic (3 factor)","Retain",0.299212794768004,7.823379042833,5.87491008186476,1.94846896096825,0.0632455532033676
0.036,"Quadratic (3 factor)","Retain",0.306573633359467,8.06180022123216,5.95914425606506,2.10265596516709,0.0670820393249937
0.04,"Quadratic (3 factor)","Retain",0.313260219065614,8.29114195568222,6.03796072399343,2.2531812316888,0.14142135623731
0.044,"Quadratic (3 factor)","Retain",0.319389570300953,8.5128239183699,6.11219261213782,2.40063130623208,0.148323969741913
0.048,"Quadratic (3 factor)","Retain",0.325056055414551,8.7279382002444,6.1825564681627,2.54538173208169,0.154919333848297
0.052,"Quadratic (3 factor)","Retain",0.330279905914542,8.93734543052588,6.24894310889217,2.68840232163371,0.161245154965971
0.056,"Quadratic (3 factor)","Retain",0.335177350306455,9.14173789742852,6.31253885573348,2.82919904169504,0.167332005306815
0.06,"Quadratic (3 factor)","Retain",0.339770417650243,9.34168180031628,6.3734038258602,2.96827797445608,0.122474487139159
0.064,"Quadratic (3 factor)","Retain",0.344095097407831,9.53764708066435,6.43181717575243,3.10582990491192,0.126491106406735
0.068,"Quadratic (3 factor)","Retain",0.348181242549477,9.73002869040983,6.4880139008805,3.24201478952934,0.0921954445729289
0.072,"Quadratic (3 factor)","Retain",0.35205307600379,9.91916221125614,6.54218231305433,3.3769798982018,0.0948683298050514
0.076,"Quadratic (3 factor)","Retain",0.355753673489839,10.1053355782384,6.59480673133295,3.51052884690549,0.194935886896179
0.08,"Quadratic (3 factor)","Retain",0.359241153536319,10.2887977851373,6.64517603094492,3.64362175419241,0.2
0.084,"Quadratic (3 factor)","Retain",0.362586711103684,10.4697661471108,6.69421485817572,3.77555128893505,0.204939015319192
0.088,"Quadratic (3 factor)","Retain",0.365786503738173,10.6484313090642,6.74178681306573,3.90664449599844,0.20976176963403
0.092,"Quadratic (3 factor)","Retain",0.368856866440529,10.8249617093207,6.78805976254989,4.03690194677079,0.214476105895272
0.096,"Quadratic (3 factor)","Retain",0.371807445119928,10.999506986671,6.8331131140747,4.16639387259628,0.154919333848297
0.1,"Quadratic (3 factor)","Retain",0.374646812399004,11.1722007629249,6.87701812918333,4.29518263374154,0.158113883008419
0.104,"Quadratic (3 factor)","Retain",0.377382625350818,11.3431629177197,6.91983907936981,4.42332383834993,0.114017542509914
0.108,"Quadratic (3 factor)","Retain",0.379992684207268,11.5125014566644,6.9611711849576,4.55133027170683,0.116189500386222
0.112,"Quadratic (3 factor)","Retain",0.382531394764675,11.6803140851336,7.00182839903798,4.67848568609559,0.236643191323985
0.116,"Quadratic (3 factor)","Retain",0.38498623121094,11.8466895214515,7.04157436255248,4.805115158899,0.240831891575846
0.12,"Quadratic (3 factor)","Retain",0.387362321656393,12.0117085967996,7.08045476561728,4.93125383118227,0.244948974278318
0.124,"Quadratic (3 factor)","Retain",0.389664324188636,12.1754451916082,7.1185114513693,5.05693374023892,0.248997991959775
0.128,"Quadratic (3 factor)","Retain",0.391896484017999,12.3379670339284,7.15578286550918,5.18218416841923,0.25298221281347
0.132,"Quadratic (3 factor)","Retain",0.394062682054561,12.499336384285,7.19230443994722,5.30703194433776,0.18165902124585
0.136,"Quadratic (3 factor)","Retain",0.396166476427245,12.6596106260807,7.22810892196714,5.43150170411351,0.184390889145858
0.14,"Quadratic (3 factor)","Retain",0.398211138153998,12.8188427769514,7.26322665809738,5.55561611885398,0.13228756555323
0.144,"Quadratic (3 factor)","Retain",0.400199681936921,12.9770819335963,7.29768584012788,5.67939609346847,0.134164078649987
0.148,"Quadratic (3 factor)","Retain",0.402134892868179,13.1343736603311,7.33151271926478,5.80286094106632,0.272029410174709
0.152,"Quadratic (3 factor)","Retain",0.404019747610518,13.2907603296932,7.3647388371761,5.92602149251713,0.275680975041804
0.156,"Quadratic (3 factor)","Retain",0.405861177118752,13.4462814282478,7.39746826590793,6.04881316233986,0.279284800875379
0.16,"Quadratic (3 factor)","Retain",0.407652005186517,13.6009738034987,7.42955546710485,6.1714183363939,0.282842712474619
0.164,"Quadratic (3 factor)","Retain",0.409391455104849,13.7548719026968,7.46096703358442,6.29390486911237,0.286356421265527
0.168,"Quadratic (3 factor)","Retain",0.411095600735917,13.9080080290767,7.49197717188102,6.4160308571957,0.204939015319192
0.172,"Quadratic (3 factor)","Retain",0.412759646596824,14.060412452256,7.52248504051874,6.53792741173725,0.207364413533277
0.176,"Quadratic (3 factor)","Retain",0.414385280129542,14.2121136202016,7.55250747254112,6.65960614766053,0.148323969741913
0.18,"Quadratic (3 factor)","Retain",0.415974083242668,14.3631382978984,7.58206036424052,6.78107793365783,0.15
0.184,"Quadratic (3 factor)","Retain",0.417527541088033,14.5135117011588,7.61115874845489,6.90235295270387,0.303315017762062
0.188,"Quadratic (3 factor)","Retain",0.419047049929039,14.6632576171557,7.63981686052374,7.02344075663196,0.306594194335118
0.192,"Quadratic (3 factor)","Retain",0.420533924215199,14.8123985132455,7.66804819784009,7.14435031540542,0.309838667696593
0.196,"Quadratic (3 factor)","Retain",0.421989402955903,14.9609556354382,7.69586557370654,7.2650900617317,0.313049516849971
0.2,"Quadratic (3 factor)","Retain",0.423414655477905,15.1089490976887,7.72328116618872,7.38566793149997,0.316227766016838
0.22,"Quadratic (3 factor)","Retain",0.430114397633087,15.8410958921445,7.85452466879798,7.98657122334653,0.234520787991171
0.24,"Quadratic (3 factor)","Retain",0.436237114543763,16.5616410609355,7.97796529650052,8.58367576443499,0.244948974278318
0.26,"Quadratic (3 factor)","Retain",0.441841905848631,17.272204184923,8.09398697041217,9.17821721451086,0.180277563773199
0.28,"Quadratic (3 factor)","Retain",0.447005233488681,17.9740826392219,8.20350103058134,9.77058160864052,0.187082869338697
0.3,"Quadratic (3 factor)","Retain",0.451771251045333,18.668333254446,8.3068870154689,10.3614462389771,0.387298334620742
0.32,"Quadratic (3 factor)","Retain",0.456241953567779,19.3558291109039,8.40592251725332,10.9499065936506,0.4
0.34,"Quadratic (3 factor)","Retain",0.460396108756675,20.0373007603485,8.499770424223,11.5375303361255,0.412310562561766
0.36,"Quadratic (3 factor)","Retain",0.464293075714862,20.7133658222401,8.58944036325582,12.1239254589843,0.424264068711929
0.38,"Quadratic (3 factor)","Retain",0.467956228511853,21.3845515593394,8.67520008949108,12.7093514698483,0.435889894354067
0.4,"Quadratic (3 factor)","Retain",0.471408970791217,22.0513118787247,8.75736269890582,13.2939491798188,0.316227766016838
0.42,"Quadratic (3 factor)","Retain",0.474671402825393,22.7140404905178,8.8362028734617,13.8778376170561,0.324037034920393
0.44,"Quadratic (3 factor)","Retain",0.477801614276558,23.3730812092255,8.91296839981993,14.4601128094056,0.234520787991171
0.46,"Quadratic (3 factor)","Retain",0.479731748519125,24.028921284989,8.96085802354593,15.0680632614431,0.239791576165636
0.48,"Quadratic (3 factor)","Retain",0.479771566081796,24.683996022734,8.96185045452044,15.7221455682135,0.489897948556636
0.5,"Quadratic (3 factor)","Retain",0.479741548834268,25.3391624330832,8.96110227412476,16.3780601589585,0.5
0.52,"Quadratic (3 factor)","Retain",0.479773887130252,25.9942046363006,8.96190831100849,17.0322963252921,0.509901951359279
0.54,"Quadratic (3 factor)","Retain",0.479751363764347,26.649360436919,8.96134690001816,17.6880135369009,0.519615242270663
0.56,"Quadratic (3 factor)","Retain",0.479755953337304,27.3044451282175,8.96146129367042,18.3429838345471,0.529150262212918
0.58,"Quadratic (3 factor)","Retain",0.479759323681351,27.9595282240473,8.96154529997103,18.9979829240762,0.380788655293195
0.6,"Quadratic (3 factor)","Retain",0.479751099381306,28.6146974069095,8.96134031042842,19.653357096481,0.387298334620742
0.62,"Quadratic (3 factor)","Retain",0.479770029273435,29.269635885358,8.96181214702931,20.3078237383287,0.278388218141501
0.64,"Quadratic (3 factor)","Retain",0.479761677476974,29.9248126500269,8.96160396943365,20.9632086805932,0.282842712474619
0.66,"Quadratic (3 factor)","Retain",0.479784438189717,30.5799757697446,8.96217132377502,21.6178044459696,0.574456264653803
0.68,"Quadratic (3 factor)","Retain",0.479760644356503,31.2350260650929,8.96157821834168,22.2734478467512,0.58309518948453
0.7,"Quadratic (3 factor)","Retain",0.479753183704324,31.8902286509851,8.96139226115579,22.9288363898293,0.591607978309962
0.72,"Quadratic (3 factor)","Retain",0.479763468471477,32.5451874822696,8.96164861124065,23.5835388710289,0.6
0.74,"Quadratic (3 factor)","Retain",0.479779477535646,33.2002500879636,8.9620476648966,24.238202423067,0.608276253029822
0.76,"Quadratic (3 factor)","Retain",0.479791122839459,33.855487009888,8.96233796278841,24.8931490470995,0.435889894354067
0.78,"Quadratic (3 factor)","Retain",0.479769953236446,34.5103659570926,8.9618102516886,25.548555705404,0.441588043316392
0.8,"Quadratic (3 factor)","Retain",0.479788488352289,35.1656203910978,8.96227228807661,26.2033481030212,0.316227766016838
0.82,"Quadratic (3 factor)","Retain",0.479784920987773,35.8206614114075,8.96218335908631,26.8584780523212,0.320156211871642
0.84,"Quadratic (3 factor)","Retain",0.479803275676221,36.4759601216432,8.96264092926025,27.513319192383,0.648074069840786
0.86,"Quadratic (3 factor)","Retain",0.479758453307435,37.1309877156414,8.96152360565332,28.1694641099881,0.6557438524302
0.88,"Quadratic (3 factor)","Retain",0.479808650893131,37.7861774522823,8.96277493717918,28.8234025151031,0.66332495807108
0.9,"Quadratic (3 factor)","Retain",0.479796117706261,38.4411205624189,8.9624624812206,29.4786580811983,0.670820393249937
0.92,"Quadratic (3 factor)","Retain",0.479777115696455,39.0960045430633,8.96198879010972,30.1340157529536,0.678232998312527
0.94,"Quadratic (3 factor)","Retain",0.479785147257481,39.7511726724136,8.96218899960369,30.78898367281,0.484767985741633
0.96,"Quadratic (3 factor)","Retain",0.479804968241936,40.4064508150701,8.96268312574939,31.4437676893207,0.489897948556636
0.98,"Quadratic (3 factor)","Retain",0.479759581073056,41.0615779603974,8.96155171554925,32.1000262448481,0.35
1,"Quadratic (3 factor)","Retain",0.479763507238989,41.7165625448753,8.96164957755242,32.7549129673229,0.353553390593274
